Workbook

Sheet Abr
A1: date | B1: src | C1: dst | D1: did | E1: duration | F1: talk | G1: status | H1: uniqueid | I1: direction | J1: coust_center | K1: queue_name | L1: nps
A2: 46142.74 | B2: PSYSTEM_1008 | C2: 11963903641 | E2: 5 | F2: 0 | G2: UNKNOWN | H2: FlexPBX-1777581957.242579 | I2: S | J2: COMERCIAL - POWER SYSTEM
A3: 46142.739 | B3: PSYSTEM_1008 | C3: 92982774522 | E3: 12 | F3: 2 | G3: ANSWERED | H3: FlexPBX-1777581855.242565 | I3: S | J3: COMERCIAL - POWER SYSTEM
A4: 46142.737 | B4: PSYSTEM_1008 | C4: 37999995076 | E4: 12 | F4: 3 | G4: ANSWERED | H4: FlexPBX-1777581679.242551 | I4: S | J4: COMERCIAL - POWER SYSTEM
A5: 46142.736 | B5: PSYSTEM_1008 | C5: 24992577455 | E5: 28 | F5: 6 | G5: ANSWERED | H5: FlexPBX-1777581575.242537 | I5: S | J5: COMERCIAL - POWER SYSTEM
A6: 46142.734 | B6: PSYSTEM_1008 | C6: 28999457117 | E6: 8 | F6: 0 | G6: UNKNOWN | H6: FlexPBX-1777581423.242529 | I6: S | J6: COMERCIAL - POWER SYSTEM
A7: 46142.733 | B7: PSYSTEM_1008 | C7: 11999610017 | E7: 3 | F7: 0 | G7: UNKNOWN | H7: FlexPBX-1777581357.242521 | I7: S | J7: COMERCIAL - POWER SYSTEM
A8: 46142.732 | B8: 4421032936 | C8: 4430265054 | D8: 4430265054 | E8: 3 | F8: 2 | G8: NO ANSWER | H8: FlexPBX-1777581215.242516 | I8: E | J8: GERAL - POWER SYSTEM
A9: 46142.71 | B9: PSYSTEM_1000 | C9: 4436292220 | E9: 392 | F9: 375 | G9: ANSWERED | H9: FlexPBX-1777579336.242496 | I9: S | J9: SUPORTE - POWER SYSTEM
A10: 46142.707 | B10: 44998636008 | C10: PSYSTEM_1005 | D10: 4430265054 | E10: 649 | F10: 599 | G10: ANSWERED | H10: FlexPBX-1777579112.242452 | I10: E | J10: SUPORTE - POWER SYSTEM | K10: PSYSTEM_SUPORTE | L10: 5
A11: 46142.7 | B11: 1143744993 | C11: PSYSTEM_1013 | D11: 4431268225 | E11: 810 | F11: 729 | G11: ANSWERED | H11: FlexPBX-1777578485.242395 | I11: E | J11: SUPORTE - POWER SYSTEM | K11: PSYSTEM_SUPORTE
A12: 46142.691 | B12: 3432424736 | C12: PSYSTEM_1002 | D12: 4430265054 | E12: 232 | F12: 194 | G12: ANSWERED | H12: FlexPBX-1777577685.242362 | I12: E | J12: SUPORTE - POWER SYSTEM | K12: PSYSTEM_SUPORTE
A13: 46142.688 | B13: PSYSTEM_1004 | C13: 6434530674 | E13: 400 | F13: 394 | G13: ANSWERED | H13: FlexPBX-1777577445.242354 | I13: S | J13: SUPORTE - POWER SYSTEM
A14: 46142.682 | B14: 4421032924 | C14: 4430265054 | D14: 4430265054 | E14: 3 | F14: 2 | G14: NO ANSWER | H14: FlexPBX-1777576902.242349 | I14: E | J14: GERAL - POWER SYSTEM
A15: 46142.676 | B15: 4435226025 | C15: PSYSTEM_1004 | D15: 4430265054 | E15: 196 | F15: 157 | G15: ANSWERED | H15: FlexPBX-1777576390.242319 | I15: E | J15: SUPORTE - POWER SYSTEM | K15: PSYSTEM_SUPORTE
A16: 46142.67 | B16: PSYSTEM_1002 | C16: 3432424736 | E16: 159 | F16: 158 | G16: ANSWERED | H16: FlexPBX-1777575918.242290 | I16: S | J16: SUPORTE - POWER SYSTEM
A17: 46142.67 | B17: 4430346845 | C17: PSYSTEM_1004 | D17: 4430265054 | E17: 112 | F17: 76 | G17: ANSWERED | H17: FlexPBX-1777575903.242287 | I17: E | J17: SUPORTE - POWER SYSTEM | K17: PSYSTEM_SUPORTE
A18: 46142.67 | B18: 4133491428 | C18: PSYSTEM_1005 | D18: 4430265054 | E18: 616 | F18: 580 | G18: ANSWERED | H18: FlexPBX-1777575846.242248 | I18: E | J18: SUPORTE - POWER SYSTEM | K18: PSYSTEM_SUPORTE
A19: 46142.656 | B19: PSYSTEM_1006 | C19: 4436295470 | E19: 267 | F19: 260 | G19: ANSWERED | H19: FlexPBX-1777574719.242208 | I19: S | J19: COMERCIAL - POWER SYSTEM
A20: 46142.656 | B20: PSYSTEM_1006 | C20: 4436295470 | E20: 7 | F20: 6 | G20: ANSWERED | H20: FlexPBX-1777574709.242194 | I20: S | J20: COMERCIAL - POWER SYSTEM
A21: 46142.656 | B21: PSYSTEM_1013 | C21: 4430152533 | E21: 110 | F21: 86 | G21: ANSWERED | H21: FlexPBX-1777574649.242176 | I21: S | J21: SUPORTE - POWER SYSTEM
A22: 46142.656 | B22: PSYSTEM_1013 | C22: 4430152533 | E22: 26 | F22: 25 | G22: ANSWERED | H22: FlexPBX-1777574643.242164 | I22: S | J22: SUPORTE - POWER SYSTEM
A23: 46142.655 | B23: PSYSTEM_1006 | C23: 44999688098 | E23: 1 | F23: 0 | G23: UNKNOWN | H23: FlexPBX-1777574630.242156 | I23: S | J23: COMERCIAL - POWER SYSTEM
A24: 46142.655 | B24: PSYSTEM_1006 | C24: 44999688098 | E24: 1 | F24: 0 | G24: UNKNOWN | H24: FlexPBX-1777574594.242148 | I24: S | J24: COMERCIAL - POWER SYSTEM
A25: 46142.653 | B25: PSYSTEM_1008 | C25: 11996276137 | E25: 57 | F25: 43 | G25: ANSWERED | H25: FlexPBX-1777574406.242134 | I25: S | J25: COMERCIAL - POWER SYSTEM
A26: 46142.651 | B26: PSYSTEM_1013 | C26: 91981481202 | E26: 44 | F26: 39 | G26: ANSWERED | H26: FlexPBX-1777574213.242118 | I26: S | J26: SUPORTE - POWER SYSTEM
A27: 46142.649 | B27: PSYSTEM_1005 | C27: 45999334612 | E27: 43 | F27: 29 | G27: ANSWERED | H27: FlexPBX-1777574091.242092 | I27: S | J27: SUPORTE - POWER SYSTEM
A28: 46142.649 | B28: PSYSTEM_1008 | C28: 51998609261 | E28: 10 | F28: 0 | G28: UNKNOWN | H28: FlexPBX-1777574040.242084 | I28: S | J28: COMERCIAL - POWER SYSTEM
A29: 46142.647 | B29: 44999670264 | C29: PSYSTEM_1002 | D29: 4430265054 | E29: 290 | F29: 266 | G29: ANSWERED | H29: FlexPBX-1777573923.242063 | I29: E | J29: SUPORTE - POWER SYSTEM | K29: PSYSTEM_SUPORTE | L29: 5
A30: 46142.642 | B30: 45999334612 | C30: PSYSTEM_1005 | D30: 4430265054 | E30: 469 | F30: 449 | G30: ANSWERED | H30: FlexPBX-1777573454.242036 | I30: E | J30: SUPORTE - POWER SYSTEM | K30: PSYSTEM_SUPORTE | L30: 5
A31: 46142.64 | B31: 91981481202 | C31: PSYSTEM_1013 | D31: 4430265054 | E31: 842 | F31: 817 | G31: ANSWERED | H31: FlexPBX-1777573277.241997 | I31: E | J31: SUPORTE - POWER SYSTEM | K31: PSYSTEM_SUPORTE
A32: 46142.62 | B32: 67992169496 | C32: PSYSTEM_1005 | D32: 4430265054 | E32: 220 | F32: 176 | G32: ANSWERED | H32: FlexPBX-1777571546.241958 | I32: E | J32: SUPORTE - POWER SYSTEM | K32: PSYSTEM_SUPORTE
A33: 46142.611 | B33: 44998721566 | C33: PSYSTEM_1002 | D33: 4430265054 | E33: 1197 | F33: 1146 | G33: ANSWERED | H33: FlexPBX-1777570759.241914 | I33: E | J33: SUPORTE - POWER SYSTEM | K33: PSYSTEM_SUPORTE
A34: 46142.609 | B34: 3130691100 | C34: 4531273156 | D34: 4531273156 | E34: 47 | F34: 46 | G34: NO ANSWER | H34: FlexPBX-1777570637.241889 | I34: E | J34: GERAL - POWER SYSTEM | K34: PSYSTEM_SUPORTE
A35: 46142.607 | B35: 44999859732 | C35: PSYSTEM_1005 | D35: 4430265054 | E35: 293 | F35: 225 | G35: ANSWERED | H35: FlexPBX-1777570448.241834 | I35: E | J35: SUPORTE - POWER SYSTEM | K35: PSYSTEM_SUPORTE | L35: 5
A36: 46142.603 | B36: 4433015977 | C36: 4430265054 | D36: 4430265054 | E36: 3 | F36: 2 | G36: NO ANSWER | H36: FlexPBX-1777570125.241823 | I36: E | J36: GERAL - POWER SYSTEM
A37: 46142.594 | B37: 11990144272 | C37: PSYSTEM_1004 | D37: 4431268225 | E37: 1067 | F37: 979 | G37: ANSWERED | H37: FlexPBX-1777569317.241751 | I37: E | J37: SUPORTE - POWER SYSTEM | K37: PSYSTEM_SUPORTE | L37: 5
A38: 46142.59 | B38: PSYSTEM_1005 | C38: 4430289556 | E38: 198 | F38: 186 | G38: ANSWERED | H38: FlexPBX-1777568985.241735 | I38: S | J38: SUPORTE - POWER SYSTEM | L38: 5
A39: 46142.59 | B39: PSYSTEM_1005 | C39: 4430289556 | E39: 26 | F39: 25 | G39: ANSWERED | H39: FlexPBX-1777568977.241723 | I39: S | J39: SUPORTE - POWER SYSTEM
A40: 46142.584 | B40: 43984810043 | C40: PSYSTEM_1002 | D40: 4430265054 | E40: 1121 | F40: 1060 | G40: ANSWERED | H40: FlexPBX-1777568476.241686 | I40: E | J40: SUPORTE - POWER SYSTEM | K40: PSYSTEM_SUPORTE
A41: 46142.577 | B41: 4430289556 | C41: PSYSTEM_1005 | D41: 4430265054 | E41: 994 | F41: 975 | G41: ANSWERED | H41: FlexPBX-1777567848.241660 | I41: E | J41: SUPORTE - POWER SYSTEM | K41: PSYSTEM_SUPORTE
A42: 46142.575 | B42: 4432256273 | C42: PSYSTEM_1004 | D42: 4430265054 | E42: 669 | F42: 607 | G42: ANSWERED | H42: FlexPBX-1777567698.241596 | I42: E | J42: SUPORTE - POWER SYSTEM | K42: PSYSTEM_SUPORTE | L42: 5
A43: 46142.575 | B43: 12997346335 | C43: PSYSTEM_1013 | D43: 4430265054 | E43: 715 | F43: 647 | G43: ANSWERED | H43: FlexPBX-1777567679.241585 | I43: E | J43: SUPORTE - POWER SYSTEM | K43: PSYSTEM_SUPORTE | L43: 5
A44: 46142.555 | B44: 4331724400 | C44: 4430265054 | D44: 4430265054 | E44: 13 | F44: 12 | G44: NO ANSWER | H44: FlexPBX-1777565937.241572 | I44: E | J44: GERAL - POWER SYSTEM
A45: 46142.554 | B45: 4331724400 | C45: 4430265054 | D45: 4430265054 | E45: 29 | F45: 28 | G45: NO ANSWER | H45: FlexPBX-1777565885.241567 | I45: E | J45: GERAL - POWER SYSTEM
A46: 46142.484 | B46: 1143744993 | C46: PSYSTEM_1013 | D46: 4431268225 | E46: 394 | F46: 320 | G46: ANSWERED | H46: FlexPBX-1777559836.241510 | I46: E | J46: SUPORTE - POWER SYSTEM | K46: PSYSTEM_SUPORTE | L46: 5
A47: 46142.483 | B47: 44997456641 | C47: PSYSTEM_1005 | D47: 4430265054 | E47: 234 | F47: 186 | G47: ANSWERED | H47: FlexPBX-1777559764.241474 | I47: E | J47: SUPORTE - POWER SYSTEM | K47: PSYSTEM_SUPORTE
A48: 46142.478 | B48: 44999859732 | C48: PSYSTEM_1005 | D48: 4430265054 | E48: 102 | F48: 45 | G48: ANSWERED | H48: FlexPBX-1777559335.241427 | I48: E | J48: SUPORTE - POWER SYSTEM | K48: PSYSTEM_SUPORTE
A49: 46142.466 | B49: 11990144272 | C49: PSYSTEM_1002 | D49: 4431268225 | E49: 276 | F49: 265 | G49: ANSWERED | H49: FlexPBX-1777558290.241383 | I49: E | J49: SUPORTE - POWER SYSTEM | K49: PSYSTEM_SUPORTE | L49: 5
A50: 46142.464 | B50: 91989363636 | C50: PSYSTEM_1004 | D50: 4430265054 | E50: 431 | F50: 395 | G50: ANSWERED | H50: FlexPBX-1777558089.241332 | I50: E | J50: SUPORTE - POWER SYSTEM | K50: PSYSTEM_SUPORTE
A51: 46142.461 | B51: 81983567163 | C51: PSYSTEM_1000 | D51: 4430265054 | E51: 391 | F51: 391 | G51: ANSWERED | H51: FlexPBX-1777557834.241292 | I51: E | J51: SUPORTE - POWER SYSTEM | K51: PSYSTEM_SUPORTE
A52: 46142.459 | B52: 4133491428 | C52: PSYSTEM_1004 | D52: 4430265054 | E52: 372 | F52: 340 | G52: ANSWERED | H52: FlexPBX-1777557650.241266 | I52: E | J52: SUPORTE - POWER SYSTEM | K52: PSYSTEM_SUPORTE
A53: 46142.459 | B53: 4430152533 | C53: PSYSTEM_1013 | D53: 4430265054 | E53: 479 | F53: 451 | G53: ANSWERED | H53: FlexPBX-1777557632.241257 | I53: E | J53: SUPORTE - POWER SYSTEM | K53: PSYSTEM_SUPORTE
A54: 46142.456 | B54: 4130155076 | C54: PSYSTEM_1005 | D54: 4430265054 | E54: 825 | F54: 805 | G54: ANSWERED | H54: FlexPBX-1777557420.241222 | I54: E | J54: SUPORTE - POWER SYSTEM | K54: PSYSTEM_SUPORTE | L54: 5
A55: 46142.456 | B55: 2232340190 | C55: 4531273156 | D55: 4531273156 | E55: 46 | F55: 46 | G55: NO ANSWER | H55: FlexPBX-1777557387.241211 | I55: E | J55: GERAL - POWER SYSTEM | K55: PSYSTEM_SUPORTE
A56: 46142.454 | B56: 45999211357 | C56: PSYSTEM_1005 | D56: 4431268225 | E56: 136 | F56: 69 | G56: ANSWERED | H56: FlexPBX-1777557227.241137 | I56: E | J56: SUPORTE - POWER SYSTEM | K56: PSYSTEM_SUPORTE | L56: 5
A57: 46142.454 | B57: 45999211357 | C57: 4431268225 | D57: 4431268225 | E57: 13 | F57: 12 | G57: NO ANSWER | H57: FlexPBX-1777557186.241132 | I57: E | J57: GERAL - POWER SYSTEM
A58: 46142.449 | B58: 4433015972 | C58: 4430265054 | D58: 4430265054 | E58: 4 | F58: 3 | G58: NO ANSWER | H58: FlexPBX-1777556825.241115 | I58: E | J58: GERAL - POWER SYSTEM
A59: 46142.449 | B59: PSYSTEM_1000 | C59: 4436292220 | E59: 69 | F59: 61 | G59: ANSWERED | H59: FlexPBX-1777556760.241107 | I59: S | J59: SUPORTE - POWER SYSTEM
A60: 46142.445 | B60: 4436313274 | C60: PSYSTEM_1005 | D60: 4430265054 | E60: 251 | F60: 205 | G60: ANSWERED | H60: FlexPBX-1777556459.241073 | I60: E | J60: SUPORTE - POWER SYSTEM | K60: PSYSTEM_SUPORTE | L60: 5
A61: 46142.441 | B61: PSYSTEM_1008 | C61: 11954286713 | E61: 5 | F61: 0 | G61: UNKNOWN | H61: FlexPBX-1777556074.241051 | I61: S | J61: COMERCIAL - POWER SYSTEM
A62: 46142.44 | B62: 1143744993 | C62: PSYSTEM_1002 | D62: 4431268225 | E62: 917 | F62: 877 | G62: ANSWERED | H62: FlexPBX-1777556038.241040 | I62: E | J62: SUPORTE - POWER SYSTEM | K62: PSYSTEM_SUPORTE
A63: 46142.44 | B63: PSYSTEM_1008 | C63: 1124952873 | E63: 1 | F63: 0 | G63: UNKNOWN | H63: FlexPBX-1777556003.241030 | I63: S | J63: COMERCIAL - POWER SYSTEM
A64: 46142.44 | B64: 1143744993 | C64: 4431268225 | D64: 4431268225 | E64: 12 | F64: 12 | G64: NO ANSWER | H64: FlexPBX-1777555999.241027 | I64: E | J64: GERAL - POWER SYSTEM
A65: 46142.439 | B65: PSYSTEM_1008 | C65: 31971300014 | E65: 9 | F65: 0 | G65: UNKNOWN | H65: FlexPBX-1777555906.241019 | I65: S | J65: COMERCIAL - POWER SYSTEM
A66: 46142.432 | B66: PSYSTEM_1000 | C66: 4436292220 | E66: 319 | F66: 312 | G66: ANSWERED | H66: FlexPBX-1777555334.240993 | I66: S | J66: SUPORTE - POWER SYSTEM
A67: 46142.432 | B67: 44998640313 | C67: PSYSTEM_1009 | D67: 4430265054 | E67: 422 | F67: 396 | G67: ANSWERED | H67: FlexPBX-1777555299.240985 | I67: E | J67: COMERCIAL - POWER SYSTEM | K67: PSYSTEM_COMERCIAL
A68: 46142.43 | B68: 4121418115 | C68: 4531273155 | D68: 4531273155 | E68: 46 | F68: 46 | G68: NO ANSWER | H68: FlexPBX-1777555120.240968 | I68: E | J68: GERAL - POWER SYSTEM | K68: PSYSTEM_SUPORTE
A69: 46142.429 | B69: PSYSTEM_1008 | C69: 62999866642 | E69: 8 | F69: 1 | G69: ANSWERED | H69: FlexPBX-1777555079.240948 | I69: S | J69: COMERCIAL - POWER SYSTEM
A70: 46142.427 | B70: PSYSTEM_1000 | C70: 4532541802 | E70: 198 | F70: 197 | G70: ANSWERED | H70: FlexPBX-1777554893.240940 | I70: S | J70: SUPORTE - POWER SYSTEM
A71: 46142.426 | B71: 4433015965 | C71: 4430265054 | D71: 4430265054 | E71: 3 | F71: 2 | G71: NO ANSWER | H71: FlexPBX-1777554774.240929 | I71: E | J71: GERAL - POWER SYSTEM
A72: 46142.424 | B72: PSYSTEM_1002 | C72: 44998761561 | E72: 7 | F72: 0 | G72: UNKNOWN | H72: FlexPBX-1777554604.240919 | I72: S | J72: SUPORTE - POWER SYSTEM
A73: 46142.423 | B73: PSYSTEM_1002 | C73: 44998761561 | E73: 14 | F73: 0 | G73: UNKNOWN | H73: FlexPBX-1777554511.240911 | I73: S | J73: SUPORTE - POWER SYSTEM
A74: 46142.422 | B74: PSYSTEM_1002 | C74: 44998761561 | E74: 13 | F74: 0 | G74: UNKNOWN | H74: FlexPBX-1777554420.240895 | I74: S | J74: SUPORTE - POWER SYSTEM
A75: 46142.421 | B75: PSYSTEM_1002 | C75: 44998761561 | E75: 14 | F75: 0 | G75: UNKNOWN | H75: FlexPBX-1777554403.240883 | I75: S | J75: SUPORTE - POWER SYSTEM
A76: 46142.421 | B76: PSYSTEM_1002 | C76: 44998761561 | E76: 2 | F76: 0 | G76: UNKNOWN | H76: FlexPBX-1777554399.240875 | I76: S | J76: SUPORTE - POWER SYSTEM
A77: 46142.421 | B77: PSYSTEM_1002 | C77: 44998761561 | E77: 14 | F77: 0 | G77: UNKNOWN | H77: FlexPBX-1777554383.240867 | I77: S | J77: SUPORTE - POWER SYSTEM
A78: 46142.421 | B78: PSYSTEM_1000 | C78: 4436292220 | E78: 69 | F78: 63 | G78: ANSWERED | H78: FlexPBX-1777554351.240846 | I78: S | J78: SUPORTE - POWER SYSTEM
A79: 46142.421 | B79: PSYSTEM_1000 | C79: 4436292220 | E79: 25 | F79: 24 | G79: ANSWERED | H79: FlexPBX-1777554347.240834 | I79: S | J79: SUPORTE - POWER SYSTEM
A80: 46142.419 | B80: PSYSTEM_1008 | C80: 85991974545 | E80: 2 | F80: 0 | G80: UNKNOWN | H80: FlexPBX-1777554241.240773 | I80: S | J80: COMERCIAL - POWER SYSTEM
A81: 46142.419 | B81: 4434239353 | C81: PSYSTEM_1005 | D81: 4430265054 | E81: 1169 | F81: 1085 | G81: ANSWERED | H81: FlexPBX-1777554232.240766 | I81: E | J81: SUPORTE - POWER SYSTEM | K81: PSYSTEM_SUPORTE | L81: 5
A82: 46142.419 | B82: 44998761561 | C82: PSYSTEM_1002 | D82: 4430265054 | E82: 186 | F82: 64 | G82: ANSWERED | H82: FlexPBX-1777554183.240755 | I82: E | J82: SUPORTE - POWER SYSTEM | K82: PSYSTEM_SUPORTE
A83: 46142.419 | B83: PSYSTEM_1008 | C83: 31998340534 | E83: 6 | F83: 3 | G83: ANSWERED | H83: FlexPBX-1777554174.240741 | I83: S | J83: COMERCIAL - POWER SYSTEM
A84: 46142.418 | B84: PSYSTEM_1000 | C84: 4436351414 | E84: 108 | F84: 94 | G84: ANSWERED | H84: FlexPBX-1777554158.240733 | I84: S | J84: SUPORTE - POWER SYSTEM
A85: 46142.418 | B85: PSYSTEM_1008 | C85: 21998114423 | E85: 13 | F85: 1 | G85: ANSWERED | H85: FlexPBX-1777554117.240719 | I85: S | J85: COMERCIAL - POWER SYSTEM
A86: 46142.416 | B86: 41991740047 | C86: PSYSTEM_1013 | D86: 4430265054 | E86: 963 | F86: 941 | G86: ANSWERED | H86: FlexPBX-1777553917.240691 | I86: E | J86: SUPORTE - POWER SYSTEM | K86: PSYSTEM_SUPORTE | L86: 5
A87: 46142.408 | B87: PSYSTEM_1013 | C87: 4435228300 | E87: 118 | F87: 112 | G87: ANSWERED | H87: FlexPBX-1777553249.240663 | I87: S | J87: SUPORTE - POWER SYSTEM
A88: 46142.408 | B88: PSYSTEM_1013 | C88: 4435228300 | E88: 4 | F88: 0 | G88: UNKNOWN | H88: FlexPBX-1777553241.240655 | I88: S | J88: SUPORTE - POWER SYSTEM
A89: 46142.408 | B89: PSYSTEM_1013 | C89: 4435228300 | E89: 13 | F89: 1 | G89: ANSWERED | H89: FlexPBX-1777553224.240639 | I89: S | J89: SUPORTE - POWER SYSTEM
A90: 46142.408 | B90: PSYSTEM_1013 | C90: 4435228300 | E90: 25 | F90: 25 | G90: ANSWERED | H90: FlexPBX-1777553213.240627 | I90: S | J90: SUPORTE - POWER SYSTEM
A91: 46142.407 | B91: 4433015967 | C91: 4430265054 | D91: 4430265054 | E91: 3 | F91: 3 | G91: NO ANSWER | H91: FlexPBX-1777553178.240622 | I91: E | J91: GERAL - POWER SYSTEM
A92: 46142.406 | B92: PSYSTEM_1005 | C92: 91981481202 | E92: 155 | F92: 149 | G92: ANSWERED | H92: FlexPBX-1777553117.240614 | I92: S | J92: SUPORTE - POWER SYSTEM | L92: 5
A93: 46142.403 | B93: 6434530674 | C93: PSYSTEM_1004 | D93: 4430265054 | E93: 1683 | F93: 1616 | G93: ANSWERED | H93: FlexPBX-1777552827.240580 | I93: E | J93: SUPORTE - POWER SYSTEM | K93: PSYSTEM_SUPORTE | L93: 5
A94: 46142.4 | B94: 4432272377 | C94: PSYSTEM_1002 | D94: 4430265054 | E94: 1181 | F94: 1090 | G94: ANSWERED | H94: FlexPBX-1777552539.240535 | I94: E | J94: SUPORTE - POWER SYSTEM | K94: PSYSTEM_SUPORTE | L94: 5
A95: 46142.393 | B95: 4435228300 | C95: PSYSTEM_1013 | D95: 4430265054 | E95: 998 | F95: 983 | G95: ANSWERED | H95: FlexPBX-1777551941.240523 | I95: E | J95: SUPORTE - POWER SYSTEM | K95: PSYSTEM_SUPORTE
A96: 46142.392 | B96: PSYSTEM_1008 | C96: 41988506556 | E96: 9 | F96: 4 | G96: ANSWERED | H96: FlexPBX-1777551902.240493 | I96: S | J96: COMERCIAL - POWER SYSTEM
A97: 46142.392 | B97: 4430451163 | C97: PSYSTEM_1004 | D97: 4430265054 | E97: 787 | F97: 724 | G97: ANSWERED | H97: FlexPBX-1777551851.240466 | I97: E | J97: SUPORTE - POWER SYSTEM | K97: PSYSTEM_SUPORTE | L97: 5
A98: 46142.391 | B98: PSYSTEM_1005 | C98: 4532541802 | E98: 850 | F98: 850 | G98: ANSWERED | H98: FlexPBX-1777551773.240458 | I98: S | J98: SUPORTE - POWER SYSTEM
A99: 46142.384 | B99: 4532541802 | C99: PSYSTEM_1005 | D99: 4430265054 | E99: 318 | F99: 282 | G99: ANSWERED | H99: FlexPBX-1777551179.240402 | I99: E | J99: SUPORTE - POWER SYSTEM | K99: PSYSTEM_SUPORTE
A100: 46142.382 | B100: 4532541802 | C100: 4430265054 | D100: 4430265054 | E100: 85 | F100: 84 | G100: NO ANSWER | H100: FlexPBX-1777551026.240367 | I100: E | J100: GERAL - POWER SYSTEM | K100: PSYSTEM_SUPORTE
...

Sheet Notas Abr
A1: 1005 - Dayane | B1: 1002 - Luiz | C1: 1004 - Lukas | D1: 1013 - Lucas | E1: 1003 - Pamela
A2: 5 | B2: 5 | C2: 5 | D2: 5 | E2: 5
A3: 5 | B3: 5 | C3: 5 | D3: 5 | E3: 5
A4: 5 | B4: 5 | C4: 5 | D4: 5 | E4: 5
A5: 5 | B5: 5 | C5: 5 | D5: 5 | E5: 5
A6: 5 | B6: 5 | C6: 5 | D6: 5 | E6: 5
A7: 5 | B7: 5 | C7: 5 | D7: 5 | E7: 5
A8: 5 | B8: 5 | C8: 5 | D8: 5 | E8: 5
A9: 5 | B9: 5 | C9: 5 | D9: 5 | E9: 5
A10: 5 | B10: 5 | C10: 5 | D10: 5 | E10: 5
A11: 5 | B11: 5 | C11: 4 | D11: 5 | E11: 5
A12: 5 | B12: 5 | C12: 5 | D12: 5 | E12: 5
A13: 5 | B13: 5 | C13: 5 | D13: 5
A14: 5 | B14: 5 | C14: 5 | D14: 5
A15: 5 | B15: 5 | C15: 5 | D15: 5
A16: 5 | B16: 5 | C16: 5 | D16: 5
A17: 5 | B17: 5 | C17: 5 | D17: 5
A18: 5 | B18: 5 | C18: 5 | D18: 5
A19: 5 | B19: 5 | C19: 5 | D19: 5
A20: 5 | B20: 5 | C20: 5 | D20: 4
A21: 5 | B21: 5 | C21: 5 | D21: 5
A22: 5 | B22: 5 | C22: 5 | D22: 5
A23: 5 | B23: 5 | C23: 5 | D23: 5
A24: 5 | B24: 5 | C24: 5 | D24: 5
... A71: 5 | B71: 5 | C71: 4 | D71: 4
A72: 5 | B72: 5 | C72: 5
A73: 5 | B73: 5 | C73: 5
A74: 5 | B74: 5 | C74: 5
A75: 5 | B75: 5 | C75: 5
A76: 5 | B76: 5 | C76: 5
A77: 5 | B77: 5 | C77: 5
A78: 5 | B78: 5 | C78: 5
A79: 5 | B79: 5 | C79: 5
A80: 5 | B80: 4 | C80: 5
A81: 5 | B81: 5 | C81: 5
A82: 5 | B82: 5 | C82: 5
A83: 5 | B83: 5 | C83: 5
... A109: 5 | B109: 5 | C109: 5
B110: 5 | C110: 5
B111: 5
B112: 5
B113: 5
B114: 5
B115: 4.5
B116: 4.5

Sheet Nps Abr
A1: ATENDENTE | B1: QTD ATENDIMENTOS | C1: QTD AVALIADOS | D1: PERCENTUAL AVALIAÇÃO | E1: MÉDIA NOTAS | F1: DESCONTOS AVALIAÇÕES | G1: MÉDIA NOTAS FINAL | I1: PONTUAÇÃO CAIXINHA
A2: 1005 - Dayane | B2: =D15+E15+F15 -> 374 | C2: =B15+C15 -> 108 | D2: =C2/B2 -> 0.28877005 | E2: =AVERAGE('Notas Abr'!$A$2:$A$200) -> 4.9907407 | G2: =E2-F2 -> 4.9907407 | I2: =G2*C2 -> 539
A3: 1002 - Luiz | B3: =D16+E16+F16 -> 348 | C3: =B16+C16 -> 115 | D3: =C3/B3 -> 0.33045977 | E3: =AVERAGE('Notas Abr'!$B$2:$B$200) -> 4.9652174 | G3: =E3-F3 -> 4.9652174 | I3: =G3*C3 -> 571
A4: 1004 - Lukas | B4: =D17+E17+F17 -> 346 | C4: =B17+C17 -> 109 | D4: =C4/B4 -> 0.3150289 | E4: =AVERAGE('Notas Abr'!$C$2:$C$200) -> 4.9541284 | G4: =E4-F4 -> 4.9541284 | I4: =G4*C4 -> 540
A5: 1013 - Lucas | B5: =D18+E18+F18 -> 317 | C5: =B18+C18 -> 70 | D5: =C5/B5 -> 0.22082019 | E5: =AVERAGE('Notas Abr'!$D$2:$D$200) -> 4.9642857 | G5: =E5-F5 -> 4.9642857 | I5: =G5*C5 -> 347.5
A6: 1003 - Pamela | B6: =D19+E19+F19 -> 34 | C6: =B19+C19 -> 11 | D6: =C6/B6 -> 0.32352941 | E6: =AVERAGE('Notas Abr'!$E$2:$E$200) -> 5 | G6: =E6-F6 -> 5 | I6: =G6*C6 -> 55
A9: TOTAL | B9: =SUM(B2:B7) -> 1419 | C9: =SUM(C2:C7) -> 413 | D9: =C9/B9 -> 0.29105004 | E9: =AVERAGE(E2:E7) -> 4.9748745 | G9: =E9-F9 -> 4.9748745
A14: ATENDENTE | B14: QSA | C14: QEA | D14: TS FONE | E14: TE FONE | F14: TE WHATS | G14: WHATS AVALIADOS
A15: 1005 - Dayane | B15: =COUNTIFS(Abr!$B$2:$B$3000,"PSYSTEM_1005",Abr!$E$2:$E$3000,">100",Abr!$L$2:$L$3000,">0") -> 17 | C15: =COUNTIFS(Abr!$C$2:$C$4000,"PSYSTEM_1005",Abr!$E$2:$E$4000,">100",Abr!$L$2:$L$4000,">0")+G15 -> 91 | D15: =COUNTIFS(Abr!$B$2:$B$4000,"PSYSTEM_1005",Abr!$E$2:$E$4000,">100") -> 66 | E15: =COUNTIFS(Abr!$C$2:$C$4000,"PSYSTEM_1005",Abr!$E$2:$E$4000,">100") -> 236 | F15: 72 | G15: 9
A16: 1002 - Luiz | B16: =COUNTIFS(Abr!$B$2:$B$3000,"PSYSTEM_1002",Abr!$E$2:$E$3000,">100",Abr!$L$2:$L$3000,">0") -> 9 | C16: =COUNTIFS(Abr!$C$2:$C$4000,"PSYSTEM_1002",Abr!$E$2:$E$4000,">100",Abr!$L$2:$L$4000,">0")+G16 -> 106 | D16: =COUNTIFS(Abr!$B$2:$B$4000,"PSYSTEM_1002",Abr!$E$2:$E$4000,">100") -> 53 | E16: =COUNTIFS(Abr!$C$2:$C$4000,"PSYSTEM_1002",Abr!$E$2:$E$4000,">100") -> 198 | F16: 97 | G16: 17
A17: 1004 - Lukas | B17: =COUNTIFS(Abr!$B$2:$B$3000,"PSYSTEM_1004",Abr!$E$2:$E$3000,">100",Abr!$L$2:$L$3000,">0") -> 10 | C17: =COUNTIFS(Abr!$C$2:$C$4000,"PSYSTEM_1004",Abr!$E$2:$E$4000,">100",Abr!$L$2:$L$4000,">0")+G17 -> 99 | D17: =COUNTIFS(Abr!$B$2:$B$4000,"PSYSTEM_1004",Abr!$E$2:$E$4000,">100") -> 44 | E17: =COUNTIFS(Abr!$C$2:$C$4000,"PSYSTEM_1004",Abr!$E$2:$E$4000,">100") -> 229 | F17: 73 | G17: 17
A18: 1013 - Lucas | B18: =COUNTIFS(Abr!$B$2:$B$3000,"PSYSTEM_1013",Abr!$E$2:$E$3000,">100",Abr!$L$2:$L$3000,">0") -> 2 | C18: =COUNTIFS(Abr!$C$2:$C$4000,"PSYSTEM_1013",Abr!$E$2:$E$4000,">100",Abr!$L$2:$L$4000,">0")+G18 -> 68 | D18: =COUNTIFS(Abr!$B$2:$B$4000,"PSYSTEM_1013",Abr!$E$2:$E$4000,">100") -> 18 | E18: =COUNTIFS(Abr!$C$2:$C$4000,"PSYSTEM_1013",Abr!$E$2:$E$4000,">100") -> 167 | F18: 132 | G18: 20
A19: 1003 - Pamela | B19: =COUNTIFS(Abr!$B$2:$B$3000,"PSYSTEM_1003",Abr!$E$2:$E$3000,">100",Abr!$L$2:$L$3000,">0") -> 0 | C19: =COUNTIFS(Abr!$C$2:$C$4000,"PSYSTEM_1003",Abr!$E$2:$E$4000,">100",Abr!$L$2:$L$4000,">0")+G19 -> 11 | D19: =COUNTIFS(Abr!$B$2:$B$4000,"PSYSTEM_1003",Abr!$E$2:$E$4000,">100") -> 0 | E19: =COUNTIFS(Abr!$C$2:$C$4000,"PSYSTEM_1003",Abr!$E$2:$E$4000,">100") -> 0 | F19: 34 | G19: 11
A21: QSA = QUANTIDADE DE SAIDAS AVALIADA
A22: QEA = QUANTIDADE DE ENTRADAS AVALIADAS
A23: TS - TOTAL DE SAIDAS
A24: TE - TOTAL DE ENTRADAS

Sheet Mai
A1: date | B1: src | C1: dst | D1: did | E1: duration | F1: talk | G1: status | H1: uniqueid | I1: direction | J1: coust_center | K1: queue_name | L1: nps
A2: 46172.511 | B2: 44997134514 | C2: 4430265054 | D2: 4430265054 | E2: 19 | F2: 18 | G2: NO ANSWER | H2: FlexPBX-1780154142.308536 | I2: E | J2: GERAL - POWER SYSTEM
A3: 46172.381 | B3: 1438160351 | C3: 4430265054 | D3: 4430265054 | E3: 9 | F3: 8 | G3: NO ANSWER | H3: FlexPBX-1780142920.308531 | I3: E | J3: GERAL - POWER SYSTEM
A4: 46171.743 | B4: 44988067937 | C4: PSYSTEM_1002 | D4: 4430265054 | E4: 410 | F4: 370 | G4: ANSWERED | H4: FlexPBX-1780087753.308477 | I4: E | J4: SUPORTE - POWER SYSTEM | K4: PSYSTEM_SUPORTE
A5: 46171.731 | B5: 44997426611 | C5: PSYSTEM_1000 | D5: 4430265054 | E5: 333 | F5: 332 | G5: ANSWERED | H5: FlexPBX-1780086763.308401 | I5: E | J5: SUPORTE - POWER SYSTEM | K5: PSYSTEM_SUPORTE
A6: 46171.72 | B6: 44988255390 | C6: PSYSTEM_1004 | D6: 4430265054 | E6: 714 | F6: 578 | G6: ANSWERED | H6: FlexPBX-1780085780.308295 | I6: E | J6: SUPORTE - POWER SYSTEM | K6: PSYSTEM_SUPORTE
A7: 46171.707 | B7: 4430315826 | C7: 4430265054 | D7: 4430265054 | E7: 45 | F7: 45 | G7: NO ANSWER | H7: FlexPBX-1780084645.308260 | I7: E | J7: GERAL - POWER SYSTEM | K7: PSYSTEM_SUPORTE
A8: 46171.7 | B8: 44999647912 | C8: PSYSTEM_1002 | D8: 4430265054 | E8: 1213 | F8: 1190 | G8: ANSWERED | H8: FlexPBX-1780084107.308240 | I8: E | J8: SUPORTE - POWER SYSTEM | K8: PSYSTEM_SUPORTE
A9: 46171.688 | B9: 44999647912 | C9: PSYSTEM_1005 | D9: 4430265054 | E9: 295 | F9: 247 | G9: ANSWERED | H9: FlexPBX-1780083002.308198 | I9: E | J9: SUPORTE - POWER SYSTEM | K9: PSYSTEM_SUPORTE
A10: 46171.686 | B10: 4430317020 | C10: 4430265054 | D10: 4430265054 | E10: 84 | F10: 83 | G10: NO ANSWER | H10: FlexPBX-1780082886.308129 | I10: E | J10: GERAL - POWER SYSTEM | K10: PSYSTEM_SUPORTE
A11: 46171.681 | B11: 1123291051 | C11: PSYSTEM_1013 | D11: 4430265054 | E11: 192 | F11: 155 | G11: ANSWERED | H11: FlexPBX-1780082429.308087 | I11: E | J11: SUPORTE - POWER SYSTEM | K11: PSYSTEM_SUPORTE
A12: 46171.681 | B12: 44937753453 | C12: 4430265054 | D12: 4430265054 | E12: 6 | F12: 5 | G12: NO ANSWER | H12: FlexPBX-1780082400.308078 | I12: E | J12: GERAL - POWER SYSTEM
A13: 46171.676 | B13: 1144273633 | C13: 4430265054 | D13: 4430265054 | E13: 10 | F13: 10 | G13: NO ANSWER | H13: FlexPBX-1780082043.308073 | I13: E | J13: GERAL - POWER SYSTEM
A14: 46171.676 | B14: 4430317020 | C14: PSYSTEM_1002 | D14: 4430265054 | E14: 649 | F14: 609 | G14: ANSWERED | H14: FlexPBX-1780081976.308045 | I14: E | J14: SUPORTE - POWER SYSTEM | K14: PSYSTEM_SUPORTE | L14: 5
A15: 46171.672 | B15: 44999827582 | C15: PSYSTEM_1005 | D15: 4430265054 | E15: 815 | F15: 705 | G15: ANSWERED | H15: FlexPBX-1780081640.307947 | I15: E | J15: SUPORTE - POWER SYSTEM | K15: PSYSTEM_SUPORTE | L15: 5
A16: 46171.63 | B16: PSYSTEM_1005 | C16: 44991395073 | E16: 850 | F16: 839 | G16: ANSWERED | H16: FlexPBX-1780078028.307921 | I16: S | J16: SUPORTE - POWER SYSTEM | L16: 5
A17: 46171.63 | B17: PSYSTEM_1005 | C17: 44991395073 | E17: 5 | F17: 0 | G17: UNKNOWN | H17: FlexPBX-1780078012.307913 | I17: S | J17: SUPORTE - POWER SYSTEM
A18: 46171.624 | B18: 6234347959 | C18: PSYSTEM_1004 | D18: 4430265054 | E18: 1259 | F18: 1232 | G18: ANSWERED | H18: FlexPBX-1780077552.307883 | I18: E | J18: SUPORTE - POWER SYSTEM | K18: PSYSTEM_SUPORTE | L18: 5
A19: 46171.599 | B19: PSYSTEM_1002 | C19: 44991354005 | E19: 123 | F19: 116 | G19: ANSWERED | H19: FlexPBX-1780075334.307835 | I19: S | J19: SUPORTE - POWER SYSTEM
A20: 46171.598 | B20: PSYSTEM_1002 | C20: 4433321380 | E20: 5 | F20: 0 | G20: UNKNOWN | H20: FlexPBX-1780075232.307827 | I20: S | J20: SUPORTE - POWER SYSTEM
A21: 46171.593 | B21: 44991395073 | C21: PSYSTEM_1005 | D21: 4430265054 | E21: 2805 | F21: 2786 | G21: ANSWERED | H21: FlexPBX-1780074813.307799 | I21: E | J21: SUPORTE - POWER SYSTEM | K21: PSYSTEM_SUPORTE | L21: 5
A22: 46171.587 | B22: PSYSTEM_1005 | C22: 6436221416 | E22: 51 | F22: 19 | G22: ANSWERED | H22: FlexPBX-1780074356.307785 | I22: S | J22: SUPORTE - POWER SYSTEM
A23: 46171.582 | B23: PSYSTEM_1002 | C23: 44999657967 | E23: 314 | F23: 294 | G23: ANSWERED | H23: FlexPBX-1780073888.307765 | I23: S | J23: SUPORTE - POWER SYSTEM
A24: 46171.577 | B24: 43998036566 | C24: PSYSTEM_1004 | D24: 4430265054 | E24: 635 | F24: 583 | G24: ANSWERED | H24: FlexPBX-1780073485.307709 | I24: E | J24: SUPORTE - POWER SYSTEM | K24: PSYSTEM_SUPORTE | L24: 5
A25: 46171.576 | B25: PSYSTEM_1005 | C25: 6436221416 | E25: 59 | F25: 42 | G25: ANSWERED | H25: FlexPBX-1780073343.307683 | I25: S | J25: SUPORTE - POWER SYSTEM
A26: 46171.571 | B26: 44988067937 | C26: PSYSTEM_1013 | D26: 4430265054 | E26: 539 | F26: 424 | G26: ANSWERED | H26: FlexPBX-1780072935.307597 | I26: E | J26: SUPORTE - POWER SYSTEM | K26: PSYSTEM_SUPORTE
A27: 46171.565 | B27: 93991495484 | C27: PSYSTEM_1002 | D27: 4430265054 | E27: 638 | F27: 599 | G27: ANSWERED | H27: FlexPBX-1780072385.307553 | I27: E | J27: SUPORTE - POWER SYSTEM | K27: PSYSTEM_SUPORTE | L27: 5
A28: 46171.499 | B28: 1438780460 | C28: 4430265054 | D28: 4430265054 | E28: 47 | F28: 46 | G28: NO ANSWER | H28: FlexPBX-1780066674.307532 | I28: E | J28: GERAL - POWER SYSTEM | K28: PSYSTEM_SUPORTE
A29: 46171.495 | B29: 44999240941 | C29: 4430265054 | D29: 4430265054 | E29: 5 | F29: 5 | G29: NO ANSWER | H29: FlexPBX-1780066353.307527 | I29: E | J29: GERAL - POWER SYSTEM
A30: 46171.493 | B30: 93991495484 | C30: 4430265054 | D30: 4430265054 | E30: 48 | F30: 48 | G30: NO ANSWER | H30: FlexPBX-1780066155.307489 | I30: E | J30: GERAL - POWER SYSTEM | K30: PSYSTEM_SUPORTE
A31: 46171.49 | B31: 93991495484 | C31: 4430265054 | D31: 4430265054 | E31: 85 | F31: 84 | G31: NO ANSWER | H31: FlexPBX-1780065953.307436 | I31: E | J31: GERAL - POWER SYSTEM | K31: PSYSTEM_SUPORTE
A32: 46171.484 | B32: PSYSTEM_1002 | C32: 44999657967 | E32: 34 | F32: 28 | G32: ANSWERED | H32: FlexPBX-1780065403.307402 | I32: S | J32: SUPORTE - POWER SYSTEM
A33: 46171.483 | B33: PSYSTEM_1009 | C33: PSYSTEM_1006 | E33: 90 | F33: 81 | G33: ANSWERED | H33: FlexPBX-1780065327.307394 | I33: R | J33: COMERCIAL - POWER SYSTEM
A34: 46171.471 | B34: PSYSTEM_1005 | C34: 4330333542 | E34: 112 | F34: 99 | G34: ANSWERED | H34: FlexPBX-1780064273.307346 | I34: S | J34: SUPORTE - POWER SYSTEM
A35: 46171.47 | B35: PSYSTEM_1006 | C35: PSYSTEM_1009 | E35: 331 | F35: 330 | G35: ANSWERED | H35: FlexPBX-1780064231.307338 | I35: R | J35: COMERCIAL - POWER SYSTEM
A36: 46171.47 | B36: PSYSTEM_1006 | C36: PSYSTEM_1009 | E36: 9 | F36: 7 | G36: ANSWERED | H36: FlexPBX-1780064207.307324 | I36: R | J36: COMERCIAL - POWER SYSTEM
A37: 46171.469 | B37: PSYSTEM_1009 | C37: PSYSTEM_1006 | E37: 51 | F37: 43 | G37: ANSWERED | H37: FlexPBX-1780064151.307310 | I37: R | J37: COMERCIAL - POWER SYSTEM
A38: 46171.469 | B38: PSYSTEM_1006 | C38: PSYSTEM_1009 | E38: 30 | F38: 24 | G38: ANSWERED | H38: FlexPBX-1780064113.307290 | I38: R | J38: COMERCIAL - POWER SYSTEM
A39: 46171.466 | B39: 44999670264 | C39: PSYSTEM_1005 | D39: 4430265054 | E39: 307 | F39: 235 | G39: ANSWERED | H39: FlexPBX-1780063837.307189 | I39: E | J39: SUPORTE - POWER SYSTEM | K39: PSYSTEM_SUPORTE | L39: 5
A40: 46171.466 | B40: 44997687156 | C40: PSYSTEM_1004 | D40: 4430265054 | E40: 569 | F40: 452 | G40: ANSWERED | H40: FlexPBX-1780063831.307186 | I40: E | J40: SUPORTE - POWER SYSTEM | K40: PSYSTEM_SUPORTE
A41: 46171.462 | B41: 83988398480 | C41: PSYSTEM_1004 | D41: 4430265054 | E41: 114 | F41: 65 | G41: ANSWERED | H41: FlexPBX-1780063474.307134 | I41: E | J41: SUPORTE - POWER SYSTEM | K41: PSYSTEM_SUPORTE
A42: 46171.457 | B42: PSYSTEM_1002 | C42: 44991349500 | E42: 437 | F42: 425 | G42: ANSWERED | H42: FlexPBX-1780063120.307126 | I42: S | J42: SUPORTE - POWER SYSTEM
A43: 46171.445 | B43: PSYSTEM_1005 | C43: 1131043888 | E43: 718 | F43: 716 | G43: ANSWERED | H43: FlexPBX-1780062057.307102 | I43: S | J43: SUPORTE - POWER SYSTEM
A44: 46171.44 | B44: 4433543396 | C44: PSYSTEM_1013 | D44: 4430265054 | E44: 386 | F44: 328 | G44: ANSWERED | H44: FlexPBX-1780061640.307056 | I44: E | J44: SUPORTE - POWER SYSTEM | K44: PSYSTEM_SUPORTE
A45: 46171.435 | B45: 44988572570 | C45: PSYSTEM_1002 | D45: 4430265054 | E45: 886 | F45: 784 | G45: ANSWERED | H45: FlexPBX-1780061199.306968 | I45: E | J45: SUPORTE - POWER SYSTEM | K45: PSYSTEM_SUPORTE
A46: 46171.429 | B46: 4533011420 | C46: 4531273163 | D46: 4531273163 | E46: 47 | F46: 46 | G46: NO ANSWER | H46: FlexPBX-1780060641.306945 | I46: E | J46: GERAL - POWER SYSTEM | K46: PSYSTEM_SUPORTE
A47: 46171.42 | B47: 83988398480 | C47: PSYSTEM_1002 | D47: 4430265054 | E47: 1096 | F47: 1082 | G47: ANSWERED | H47: FlexPBX-1780059846.306925 | I47: E | J47: SUPORTE - POWER SYSTEM | K47: PSYSTEM_SUPORTE
A48: 46171.405 | B48: 43998036566 | C48: PSYSTEM_1013 | D48: 4430265054 | E48: 105 | F48: 61 | G48: ANSWERED | H48: FlexPBX-1780058604.306873 | I48: E | J48: SUPORTE - POWER SYSTEM | K48: PSYSTEM_SUPORTE
A49: 46171.4 | B49: 44999009971 | C49: PSYSTEM_1005 | D49: 4430265054 | E49: 582 | F49: 539 | G49: ANSWERED | H49: FlexPBX-1780058196.306839 | I49: E | J49: SUPORTE - POWER SYSTEM | K49: PSYSTEM_SUPORTE | L49: 5
A50: 46171.396 | B50: 4430284942 | C50: PSYSTEM_1004 | D50: 4430265054 | E50: 197 | F50: 161 | G50: ANSWERED | H50: FlexPBX-1780057839.306805 | I50: E | J50: SUPORTE - POWER SYSTEM | K50: PSYSTEM_SUPORTE
A51: 46171.384 | B51: 44999657967 | C51: PSYSTEM_1002 | D51: 4430265054 | E51: 1708 | F51: 1677 | G51: ANSWERED | H51: FlexPBX-1780056787.306785 | I51: E | J51: SUPORTE - POWER SYSTEM | K51: PSYSTEM_SUPORTE
A52: 46171.378 | B52: 4433016100 | C52: PSYSTEM_1005 | D52: 4430265054 | E52: 252 | F52: 210 | G52: ANSWERED | H52: FlexPBX-1780056243.306759 | I52: E | J52: SUPORTE - POWER SYSTEM | K52: PSYSTEM_SUPORTE | L52: 5
A53: 46171.37 | B53: 44997650834 | C53: PSYSTEM_1005 | D53: 4430265054 | E53: 328 | F53: 263 | G53: ANSWERED | H53: FlexPBX-1780055541.306701 | I53: E | J53: SUPORTE - POWER SYSTEM | K53: PSYSTEM_SUPORTE | L53: 5
A54: 46170.832 | B54: 44991814587 | C54: 4430265054 | D54: 4430265054 | E54: 3 | F54: 3 | G54: NO ANSWER | H54: FlexPBX-1780009071.306696 | I54: E | J54: GERAL - POWER SYSTEM
A55: 46170.726 | B55: PSYSTEM_1002 | C55: 47991636470 | E55: 329 | F55: 320 | G55: ANSWERED | H55: FlexPBX-1779999919.306682 | I55: S | J55: SUPORTE - POWER SYSTEM | L55: 5
A56: 46170.714 | B56: PSYSTEM_1006 | C56: PSYSTEM_1009 | E56: 215 | F56: 210 | G56: ANSWERED | H56: FlexPBX-1779998848.306660 | I56: R | J56: COMERCIAL - POWER SYSTEM
A57: 46170.708 | B57: 44997650834 | C57: PSYSTEM_1005 | D57: 4430265054 | E57: 77 | F57: 12 | G57: ANSWERED | H57: FlexPBX-1779998329.306616 | I57: E | J57: SUPORTE - POWER SYSTEM | K57: PSYSTEM_SUPORTE
A58: 46170.703 | B58: 1128897100 | C58: 4430265054 | D58: 4430265054 | E58: 8 | F58: 7 | G58: NO ANSWER | H58: FlexPBX-1779997915.306611 | I58: E | J58: GERAL - POWER SYSTEM
A59: 46170.695 | B59: 11964449514 | C59: PSYSTEM_1000 | D59: 4431268225 | E59: 174 | F59: 174 | G59: ANSWERED | H59: FlexPBX-1779997222.306555 | I59: E | J59: SUPORTE - POWER SYSTEM | K59: PSYSTEM_SUPORTE
A60: 46170.693 | B60: 47991636470 | C60: PSYSTEM_1002 | D60: 4431268225 | E60: 2698 | F60: 2631 | G60: ANSWERED | H60: FlexPBX-1779997034.306512 | I60: E | J60: SUPORTE - POWER SYSTEM | K60: PSYSTEM_SUPORTE
A61: 46170.683 | B61: PSYSTEM_1000 | C61: 44998620323 | E61: 55 | F61: 46 | G61: ANSWERED | H61: FlexPBX-1779996188.306498 | I61: S | J61: SUPORTE - POWER SYSTEM
A62: 46170.683 | B62: PSYSTEM_1000 | C62: 44998620323 | E62: 2 | F62: 0 | G62: UNKNOWN | H62: FlexPBX-1779996181.306486 | I62: S | J62: SUPORTE - POWER SYSTEM
A63: 46170.679 | B63: 44999917849 | C63: PSYSTEM_1005 | D63: 4430265054 | E63: 2527 | F63: 2488 | G63: ANSWERED | H63: FlexPBX-1779995875.306450 | I63: E | J63: SUPORTE - POWER SYSTEM | K63: PSYSTEM_SUPORTE | L63: 5
A64: 46170.671 | B64: PSYSTEM_1005 | C64: 41997840159 | E64: 157 | F64: 128 | G64: ANSWERED | H64: FlexPBX-1779995162.306378 | I64: S | J64: SUPORTE - POWER SYSTEM
A65: 46170.671 | B65: 1128897100 | C65: PSYSTEM_1000 | D65: 4430265054 | E65: 530 | F65: 458 | G65: ANSWERED | H65: FlexPBX-1779995159.306375 | I65: E | J65: SUPORTE - POWER SYSTEM | K65: PSYSTEM_SUPORTE
A66: 46170.656 | B66: PSYSTEM_1000 | C66: 1131043888 | E66: 62 | F66: 61 | G66: ANSWERED | H66: FlexPBX-1779993918.306361 | I66: S | J66: SUPORTE - POWER SYSTEM
A67: 46170.651 | B67: 44988255390 | C67: PSYSTEM_1002 | D67: 4430265054 | E67: 449 | F67: 375 | G67: ANSWERED | H67: FlexPBX-1779993422.306298 | I67: E | J67: SUPORTE - POWER SYSTEM | K67: PSYSTEM_SUPORTE | L67: 5
A68: 46170.65 | B68: 11965990735 | C68: 4430265054 | D68: 4430265054 | E68: 20 | F68: 20 | G68: NO ANSWER | H68: FlexPBX-1779993359.306293 | I68: E | J68: GERAL - POWER SYSTEM
A69: 46170.638 | B69: 1131043888 | C69: PSYSTEM_1005 | D69: 4430265054 | E69: 1015 | F69: 1001 | G69: ANSWERED | H69: FlexPBX-1779992304.306262 | I69: E | J69: SUPORTE - POWER SYSTEM | K69: PSYSTEM_SUPORTE
A70: 46170.638 | B70: 1131043888 | C70: 4430265054 | D70: 4430265054 | E70: 12 | F70: 11 | G70: NO ANSWER | H70: FlexPBX-1779992282.306257 | I70: E | J70: GERAL - POWER SYSTEM
A71: 46170.614 | B71: 44988091045 | C71: 4430265054 | D71: 4430265054 | E71: 7 | F71: 7 | G71: NO ANSWER | H71: FlexPBX-1779990228.306205 | I71: E | J71: GERAL - POWER SYSTEM
A72: 46170.613 | B72: 4430459001 | C72: PSYSTEM_1002 | D72: 4430265054 | E72: 692 | F72: 611 | G72: ANSWERED | H72: FlexPBX-1779990165.306188 | I72: E | J72: SUPORTE - POWER SYSTEM | K72: PSYSTEM_SUPORTE | L72: 4
A73: 46170.608 | B73: 44997710633 | C73: PSYSTEM_1013 | D73: 4430265054 | E73: 1035 | F73: 959 | G73: ANSWERED | H73: FlexPBX-1779989760.306151 | I73: E | J73: SUPORTE - POWER SYSTEM | K73: PSYSTEM_SUPORTE
A74: 46170.606 | B74: 44991486467 | C74: PSYSTEM_1004 | D74: 4430265054 | E74: 475 | F74: 379 | G74: ANSWERED | H74: FlexPBX-1779989581.306087 | I74: E | J74: SUPORTE - POWER SYSTEM | K74: PSYSTEM_SUPORTE
A75: 46170.605 | B75: 41997840159 | C75: PSYSTEM_1005 | D75: 4431268225 | E75: 1425 | F75: 1397 | G75: ANSWERED | H75: FlexPBX-1779989453.306060 | I75: E | J75: SUPORTE - POWER SYSTEM | K75: PSYSTEM_SUPORTE | L75: 5
A76: 46170.604 | B76: PSYSTEM_1002 | C76: 44997710633 | E76: 20 | F76: 0 | G76: UNKNOWN | H76: FlexPBX-1779989361.306052 | I76: S | J76: SUPORTE - POWER SYSTEM
A77: 46170.595 | B77: 44997710633 | C77: PSYSTEM_1002 | D77: 4430265054 | E77: 473 | F77: 399 | G77: ANSWERED | H77: FlexPBX-1779988651.305991 | I77: E | J77: SUPORTE - POWER SYSTEM | K77: PSYSTEM_SUPORTE
A78: 46170.595 | B78: 44997710633 | C78: PSYSTEM_1005 | D78: 4430265054 | E78: 63 | F78: 2 | G78: ANSWERED | H78: FlexPBX-1779988578.305949 | I78: E | J78: SUPORTE - POWER SYSTEM | K78: PSYSTEM_SUPORTE
A79: 46170.592 | B79: 44997254007 | C79: 4430265054 | D79: 4430265054 | E79: 7 | F79: 7 | G79: NO ANSWER | H79: FlexPBX-1779988322.305938 | I79: E | J79: GERAL - POWER SYSTEM
A80: 46170.589 | B80: 11965990735 | C80: PSYSTEM_1004 | D80: 4430265054 | E80: 298 | F80: 269 | G80: ANSWERED | H80: FlexPBX-1779988059.305902 | I80: E | J80: SUPORTE - POWER SYSTEM | K80: PSYSTEM_SUPORTE
A81: 46170.587 | B81: 4121413772 | C81: 4531273172 | D81: 4531273172 | E81: 47 | F81: 46 | G81: NO ANSWER | H81: FlexPBX-1779987940.305879 | I81: E | J81: GERAL - POWER SYSTEM | K81: PSYSTEM_SUPORTE
A82: 46170.585 | B82: 6434530674 | C82: PSYSTEM_1005 | D82: 4430265054 | E82: 326 | F82: 295 | G82: ANSWERED | H82: FlexPBX-1779987709.305839 | I82: E | J82: SUPORTE - POWER SYSTEM | K82: PSYSTEM_SUPORTE | L82: 5
A83: 46170.584 | B83: 6234347959 | C83: PSYSTEM_1013 | D83: 4430265054 | E83: 368 | F83: 308 | G83: ANSWERED | H83: FlexPBX-1779987696.305836 | I83: E | J83: SUPORTE - POWER SYSTEM | K83: PSYSTEM_SUPORTE
A84: 46170.575 | B84: 44997079838 | C84: PSYSTEM_1002 | D84: 4430265054 | E84: 1099 | F84: 995 | G84: ANSWERED | H84: FlexPBX-1779986854.305764 | I84: E | J84: SUPORTE - POWER SYSTEM | K84: PSYSTEM_SUPORTE | L84: 5
A85: 46170.57 | B85: 11965990735 | C85: PSYSTEM_1004 | D85: 4430265054 | E85: 732 | F85: 678 | G85: ANSWERED | H85: FlexPBX-1779986466.305727 | I85: E | J85: SUPORTE - POWER SYSTEM | K85: PSYSTEM_SUPORTE
A86: 46170.567 | B86: 44997456641 | C86: PSYSTEM_1005 | D86: 4430265054 | E86: 604 | F86: 566 | G86: ANSWERED | H86: FlexPBX-1779986160.305694 | I86: E | J86: SUPORTE - POWER SYSTEM | K86: PSYSTEM_SUPORTE
A87: 46170.564 | B87: 47991636470 | C87: PSYSTEM_1013 | D87: 4431268225 | E87: 781 | F87: 639 | G87: ANSWERED | H87: FlexPBX-1779985908.305575 | I87: E | J87: SUPORTE - POWER SYSTEM | K87: PSYSTEM_SUPORTE
A88: 46170.559 | B88: 11965990735 | C88: 4430265054 | D88: 4430265054 | E88: 28 | F88: 28 | G88: NO ANSWER | H88: FlexPBX-1779985517.305570 | I88: E | J88: GERAL - POWER SYSTEM
A89: 46170.552 | B89: 4533011420 | C89: 4531273169 | D89: 4531273169 | E89: 29 | F89: 28 | G89: NO ANSWER | H89: FlexPBX-1779984898.305561 | I89: E | J89: GERAL - POWER SYSTEM
A90: 46170.481 | B90: 4121413772 | C90: 4531273163 | D90: 4531273163 | E90: 46 | F90: 46 | G90: NO ANSWER | H90: FlexPBX-1779978799.305532 | I90: E | J90: GERAL - POWER SYSTEM | K90: PSYSTEM_SUPORTE
A91: 46170.477 | B91: PSYSTEM_1002 | C91: 11965990735 | E91: 420 | F91: 413 | G91: ANSWERED | H91: FlexPBX-1779978451.305521 | I91: S | J91: SUPORTE - POWER SYSTEM | L91: 5
A92: 46170.475 | B92: PSYSTEM_1002 | C92: 11965990735 | E92: 47 | F92: 30 | G92: ANSWERED | H92: FlexPBX-1779978203.305502 | I92: S | J92: SUPORTE - POWER SYSTEM
A93: 46170.47 | B93: 11965990735 | C93: PSYSTEM_1002 | D93: 4430265054 | E93: 319 | F93: 208 | G93: ANSWERED | H93: FlexPBX-1779977837.305407 | I93: E | J93: SUPORTE - POWER SYSTEM | K93: PSYSTEM_SUPORTE
A94: 46170.463 | B94: 4330333542 | C94: PSYSTEM_1004 | D94: 4430265054 | E94: 187 | F94: 83 | G94: ANSWERED | H94: FlexPBX-1779977180.305337 | I94: E | J94: SUPORTE - POWER SYSTEM | K94: PSYSTEM_SUPORTE
A95: 46170.461 | B95: PSYSTEM_1005 | C95: 44998620323 | E95: 638 | F95: 608 | G95: ANSWERED | H95: FlexPBX-1779977001.305325 | I95: S | J95: SUPORTE - POWER SYSTEM
A96: 46170.458 | B96: PSYSTEM_1005 | C96: 44998620323 | E96: 40 | F96: 0 | G96: UNKNOWN | H96: FlexPBX-1779976801.305311 | I96: S | J96: SUPORTE - POWER SYSTEM
A97: 46170.458 | B97: PSYSTEM_1005 | C97: 44998620323 | E97: 71 | F97: 34 | G97: ANSWERED | H97: FlexPBX-1779976757.305299 | I97: S | J97: SUPORTE - POWER SYSTEM
A98: 46170.456 | B98: 44999412567 | C98: PSYSTEM_1013 | D98: 4430265054 | E98: 390 | F98: 349 | G98: ANSWERED | H98: FlexPBX-1779976628.305271 | I98: E | J98: SUPORTE - POWER SYSTEM | K98: PSYSTEM_SUPORTE | L98: 5
A99: 46170.455 | B99: 44999412567 | C99: PSYSTEM_1004 | D99: 4430265054 | E99: 129 | F99: 28 | G99: ANSWERED | H99: FlexPBX-1779976492.305201 | I99: E | J99: SUPORTE - POWER SYSTEM | K99: PSYSTEM_SUPORTE
A100: 46170.45 | B100: 4433013750 | C100: 4430265054 | D100: 4430265054 | E100: 47 | F100: 46 | G100: NO ANSWER | H100: FlexPBX-1779976054.305178 | I100: E | J100: GERAL - POWER SYSTEM | K100: PSYSTEM_SUPORTE
...

Sheet Notas Mai
A1: 1005 - Dayane | B1: 1002 - Luiz | C1: 1004 - Lukas | D1: 1013 - Lucas | E1: 1003 - Pamela
A2: 5 | B2: 5 | C2: 5 | D2: 5 | E2: 4.5
A3: 5 | B3: 5 | C3: 5 | D3: 5 | E3: 4.5
A4: 5 | B4: 5 | C4: 5 | D4: 5 | E4: 4.5
A5: 5 | B5: 4 | C5: 5 | D5: 5 | E5: 4.5
A6: 5 | B6: 5 | C6: 5 | D6: 5 | E6: 4.5
A7: 5 | B7: 5 | C7: 5 | D7: 5 | E7: 5
A8: 5 | B8: 5 | C8: 5 | D8: 5 | E8: 5
A9: 5 | B9: 5 | C9: 5 | D9: 5 | E9: 5
A10: 5 | B10: 5 | C10: 5 | D10: 5 | E10: 5
A11: 5 | B11: 5 | C11: 5 | D11: 5 | E11: 5
A12: 5 | B12: 5 | C12: 5 | D12: 5 | E12: 5
A13: 5 | B13: 5 | C13: 5 | D13: 5 | E13: 5
... A45: 5 | B45: 5 | C45: 5 | D45: 5 | E45: 5
A46: 5 | B46: 5 | C46: 5 | D46: 5
A47: 5 | B47: 5 | C47: 5 | D47: 5
A48: 5 | B48: 5 | C48: 5 | D48: 5
A49: 5 | B49: 5 | C49: 5 | D49: 5
A50: 5 | B50: 5 | C50: 5 | D50: 5
A51: 5 | B51: 5 | C51: 5 | D51: 5
A52: 5 | B52: 5 | C52: 5 | D52: 5
A53: 5 | B53: 5 | C53: 5 | D53: 5
A54: 5 | B54: 5 | C54: 5 | D54: 5
A55: 5 | B55: 5 | C55: 5 | D55: 5
A56: 5 | B56: 5 | C56: 5 | D56: 5
A57: 5 | B57: 5 | C57: 5 | D57: 5
A58: 5 | B58: 5 | C58: 5 | D58: 5
A59: 5 | C59: 5 | D59: 4
A60: 5 | C60: 4 | D60: 5
A61: 5 | C61: 5 | D61: 5
A62: 5 | C62: 5 | D62: 5
A63: 5 | C63: 5 | D63: 5
A64: 5 | C64: 5 | D64: 5
A65: 5 | C65: 5 | D65: 5
A66: 5 | C66: 5 | D66: 5
A67: 5 | C67: 5 | D67: 5
A68: 5 | C68: 5 | D68: 5
A69: 5 | C69: 5 | D69: 5
A70: 5 | C70: 5 | D70: 5
... A90: 5 | C90: 5 | D90: 4.5
A91: 5 | C91: 5
A92: 5 | C92: 5
A93: 5 | C93: 5
A94: 3 | C94: 5
A95: 5 | C95: 5
A96: 5 | C96: 5
A97: 5 | C97: 5
A98: 5 | C98: 5
A99: 5 | C99: 5
A100: 5 | C100: 5
A101: 5 | C101: 5
A102: 5 | C102: 5
A103: 5 | C103: 5
A104: 5
A105: 5
A106: 5
A107: 5
A108: 4
A109: 5
A110: 5
A111: 5
A112: 5
A113: 5
A114: 5
A115: 5
... A137: 4

Sheet Nps Mai
A1: ATENDENTE | B1: QTD ATENDIMENTOS | C1: QTD AVALIADOS | D1: PERCENTUAL AVALIAÇÃO | E1: MÉDIA NOTAS | F1: DESCONTOS AVALIAÇÕES | G1: MÉDIA NOTAS FINAL | I1: PONTUAÇÃO CAIXINHA
A2: 1005 - Dayane | B2: =D15+E15+F15 -> 384 | C2: =B15+C15 -> 136 | D2: =C2/B2 -> 0.35416667 | E2: =AVERAGE('Notas Mai'!$A$2:$A$72) -> 4.9577465 | G2: =E2-F2 -> 4.9577465 | I2: =G2*C2 -> 674.25352
A3: 1002 - Luiz | B3: =D16+E16+F16 -> 232 | C3: =B16+C16 -> 57 | D3: =C3/B3 -> 0.24568966 | E3: =AVERAGE('Notas Mai'!$B$2:$B$72) -> 4.9824561 | G3: =E3-F3 -> 4.9824561 | I3: =G3*C3 -> 284
A4: 1004 - Lukas | B4: =D17+E17+F17 -> 431 | C4: =B17+C17 -> 102 | D4: =C4/B4 -> 0.23665893 | E4: =AVERAGE('Notas Mai'!$C$2:$C$72) -> 4.9859155 | G4: =E4-F4 -> 4.9859155 | I4: =G4*C4 -> 508.56338
A5: 1013 - Lucas | B5: =D18+E18+F18 -> 366 | C5: =B18+C18 -> 89 | D5: =C5/B5 -> 0.2431694 | E5: =AVERAGE('Notas Mai'!$D$2:$D$72) -> 4.9788732 | G5: =E5-F5 -> 4.9788732 | I5: =G5*C5 -> 443.11972
A6: 1003 - Pamela | B6: =D19+E19+F19 -> 138 | C6: =B19+C19 -> 44 | D6: =C6/B6 -> 0.31884058 | E6: =AVERAGE('Notas Mai'!$E$2:$E$72) -> 4.9431818 | G6: =E6-F6 -> 4.9431818 | I6: =G6*C6 -> 217.5
A9: TOTAL | B9: =SUM(B2:B7) -> 1551 | C9: =SUM(C2:C7) -> 428 | D9: =C9/B9 -> 0.275951 | E9: =AVERAGE(E2:E7) -> 4.9696346 | G9: =E9-F9 -> 4.9696346
A14: ATENDENTE | B14: QSA | C14: QEA | D14: TS FONE | E14: TE FONE | F14: TE WHATS | G14: WHATS AVALIADOS
A15: 1005 - Dayane | B15: =COUNTIFS(Mai!$B$2:$B$3000,"PSYSTEM_1005",Mai!$E$2:$E$3000,">100",Mai!$L$2:$L$3000,">0") -> 12 | C15: =COUNTIFS(Mai!$C$2:$C$4000,"PSYSTEM_1005",Mai!$E$2:$E$4000,">100",Mai!$L$2:$L$4000,">0")+G15 -> 124 | D15: =COUNTIFS(Mai!$B$2:$B$4000,"PSYSTEM_1005",Mai!$E$2:$E$4000,">100") -> 58 | E15: =COUNTIFS(Mai!$C$2:$C$4000,"PSYSTEM_1005",Mai!$E$2:$E$4000,">100") -> 269 | F15: 57 | G15: 8
A16: 1002 - Luiz | B16: =COUNTIFS(Mai!$B$2:$B$3000,"PSYSTEM_1002",Mai!$E$2:$E$3000,">100",Mai!$L$2:$L$3000,">0") -> 6 | C16: =COUNTIFS(Mai!$C$2:$C$4000,"PSYSTEM_1002",Mai!$E$2:$E$4000,">100",Mai!$L$2:$L$4000,">0")+G16 -> 51 | D16: =COUNTIFS(Mai!$B$2:$B$4000,"PSYSTEM_1002",Mai!$E$2:$E$4000,">100") -> 35 | E16: =COUNTIFS(Mai!$C$2:$C$4000,"PSYSTEM_1002",Mai!$E$2:$E$4000,">100") -> 145 | F16: 52 | G16: 1
A17: 1004 - Lukas | B17: =COUNTIFS(Mai!$B$2:$B$3000,"PSYSTEM_1004",Mai!$E$2:$E$3000,">100",Mai!$L$2:$L$3000,">0") -> 11 | C17: =COUNTIFS(Mai!$C$2:$C$4000,"PSYSTEM_1004",Mai!$E$2:$E$4000,">100",Mai!$L$2:$L$4000,">0")+G17 -> 91 | D17: =COUNTIFS(Mai!$B$2:$B$4000,"PSYSTEM_1004",Mai!$E$2:$E$4000,">100") -> 42 | E17: =COUNTIFS(Mai!$C$2:$C$4000,"PSYSTEM_1004",Mai!$E$2:$E$4000,">100") -> 269 | F17: 120 | G17: 33
A18: 1013 - Lucas | B18: =COUNTIFS(Mai!$B$2:$B$3000,"PSYSTEM_1013",Mai!$E$2:$E$3000,">100",Mai!$L$2:$L$3000,">0") -> 5 | C18: =COUNTIFS(Mai!$C$2:$C$4000,"PSYSTEM_1013",Mai!$E$2:$E$4000,">100",Mai!$L$2:$L$4000,">0")+G18 -> 84 | D18: =COUNTIFS(Mai!$B$2:$B$4000,"PSYSTEM_1013",Mai!$E$2:$E$4000,">100") -> 26 | E18: =COUNTIFS(Mai!$C$2:$C$4000,"PSYSTEM_1013",Mai!$E$2:$E$4000,">100") -> 238 | F18: 102 | G18: 19
A19: 1003 - Pamela | B19: =COUNTIFS(Mai!$B$2:$B$3000,"PSYSTEM_1003",Mai!$E$2:$E$3000,">100",Mai!$L$2:$L$3000,">0") -> 0 | C19: =COUNTIFS(Mai!$C$2:$C$4000,"PSYSTEM_1003",Mai!$E$2:$E$4000,">100",Mai!$L$2:$L$4000,">0")+G19 -> 44 | D19: =COUNTIFS(Mai!$B$2:$B$4000,"PSYSTEM_1003",Mai!$E$2:$E$4000,">100") -> 0 | E19: =COUNTIFS(Mai!$C$2:$C$4000,"PSYSTEM_1003",Mai!$E$2:$E$4000,">100") -> 0 | F19: 138 | G19: 44
A21: QSA = QUANTIDADE DE SAIDAS AVALIADA
A22: QEA = QUANTIDADE DE ENTRADAS AVALIADAS
A23: TS - TOTAL DE SAIDAS
A24: TE - TOTAL DE ENTRADAS

Sheet Jun
A1: date | B1: src | C1: dst | D1: did | E1: duration | F1: talk | G1: status | H1: uniqueid | I1: direction | J1: coust_center | K1: queue_name | L1: nps | M1: Observação
A2: 46203.738 | B2: 44999680829 | C2: PSYSTEM_1002 | D2: 4431268225 | E2: 464 | F2: 262 | G2: ANSWERED | H2: FlexPBX-1782852127.373935 | I2: E | J2: SUPORTE - POWER SYSTEM | K2: PSYSTEM_SUPORTE | L2: 5 | M2: LUIZ | N2: PSYSTEM_1002
A3: 46203.725 | B3: 1128897100 | C3: PSYSTEM_1000 | D3: 4430265054 | E3: 497 | F3: 479 | G3: ANSWERED | H3: FlexPBX-1782851079.373905 | I3: E | J3: SUPORTE - POWER SYSTEM | K3: PSYSTEM_COMERCIAL | M3: EDERSON | N3: PSYSTEM_1000
A4: 46203.715 | B4: 44998039090 | C4: 4430265054 | D4: 4430265054 | E4: 29 | F4: 29 | G4: NO ANSWER | H4: FlexPBX-1782850143.373850 | I4: E | J4: GERAL - POWER SYSTEM | K4: PSYSTEM_SUPORTE
A5: 46203.709 | B5: 41997840159 | C5: PSYSTEM_1002 | D5: 4430265054 | E5: 1041 | F5: 845 | G5: ANSWERED | H5: FlexPBX-1782849625.373738 | I5: E | J5: SUPORTE - POWER SYSTEM | K5: PSYSTEM_SUPORTE | L5: 5 | M5: LUIZ | N5: PSYSTEM_1002
A6: 46203.705 | B6: 6434534421 | C6: PSYSTEM_1013 | D6: 4430265054 | E6: 2364 | F6: 2296 | G6: ANSWERED | H6: FlexPBX-1782849343.373684 | I6: E | J6: SUPORTE - POWER SYSTEM | K6: PSYSTEM_SUPORTE | L6: 5 | M6: LUCAS | N6: PSYSTEM_1013
A7: 46203.703 | B7: 18996991511 | C7: PSYSTEM_1004 | D7: 4430265054 | E7: 236 | F7: 127 | G7: ANSWERED | H7: FlexPBX-1782849166.373640 | I7: E | J7: SUPORTE - POWER SYSTEM | K7: PSYSTEM_SUPORTE | L7: 5 | M7: LUKAS | N7: PSYSTEM_1004
A8: 46203.701 | B8: 44999752325 | C8: PSYSTEM_1002 | D8: 4430265054 | E8: 470 | F8: 393 | G8: ANSWERED | H8: FlexPBX-1782849002.373588 | I8: E | J8: SUPORTE - POWER SYSTEM | K8: PSYSTEM_SUPORTE | L8: 5 | M8: LUIZ | N8: PSYSTEM_1002
A9: 46203.697 | B9: 44997650834 | C9: PSYSTEM_1005 | D9: 4430265054 | E9: 790 | F9: 773 | G9: ANSWERED | H9: FlexPBX-1782848587.373566 | I9: E | J9: SUPORTE - POWER SYSTEM | K9: PSYSTEM_SUPORTE | L9: 5 | M9: DAYANE | N9: PSYSTEM_1005
A10: 46203.682 | B10: 44997215491 | C10: PSYSTEM_1004 | D10: 4430265054 | E10: 1388 | F10: 1131 | G10: ANSWERED | H10: FlexPBX-1782847361.373340 | I10: E | J10: SUPORTE - POWER SYSTEM | K10: PSYSTEM_SUPORTE | L10: 5 | M10: LUKAS | N10: PSYSTEM_1004
A11: 46203.673 | B11: 4432325260 | C11: PSYSTEM_1004 | D11: 4430265054 | E11: 269 | F11: 170 | G11: ANSWERED | H11: FlexPBX-1782846584.373260 | I11: E | J11: SUPORTE - POWER SYSTEM | K11: PSYSTEM_SUPORTE | M11: LUKAS | N11: PSYSTEM_1004
A12: 46203.672 | B12: PSYSTEM_1000 | C12: 4434221055 | E12: 715 | F12: 705 | G12: ANSWERED | H12: FlexPBX-1782846418.373252 | I12: S | J12: SUPORTE - POWER SYSTEM | M12: EDERSON | N12: PSYSTEM_1000
A13: 46203.658 | B13: 4330261969 | C13: PSYSTEM_1004 | D13: 4430265054 | E13: 114 | F13: 54 | G13: ANSWERED | H13: FlexPBX-1782845219.373196 | I13: E | J13: SUPORTE - POWER SYSTEM | K13: PSYSTEM_SUPORTE | M13: LUKAS | N13: PSYSTEM_1004
A14: 46203.652 | B14: 44999654761 | C14: PSYSTEM_1002 | D14: 4430265054 | E14: 338 | F14: 152 | G14: ANSWERED | H14: FlexPBX-1782844705.373042 | I14: E | J14: SUPORTE - POWER SYSTEM | K14: PSYSTEM_SUPORTE | M14: LUIZ | N14: PSYSTEM_1002
A15: 46203.643 | B15: PSYSTEM_1005 | C15: 1131515685 | E15: 411 | F15: 406 | G15: ANSWERED | H15: FlexPBX-1782843965.373022 | I15: S | J15: SUPORTE - POWER SYSTEM | M15: DAYANE | N15: PSYSTEM_1005
A16: 46203.642 | B16: 1131515685 | C16: PSYSTEM_1005 | D16: 4430265054 | E16: 24 | F16: 4 | G16: ANSWERED | H16: FlexPBX-1782843887.373000 | I16: E | J16: SUPORTE - POWER SYSTEM | K16: PSYSTEM_SUPORTE | M16: DAYANE | N16: PSYSTEM_1005
A17: 46203.641 | B17: 1131515685 | C17: PSYSTEM_1005 | D17: 4430265054 | E17: 115 | F17: 8 | G17: ANSWERED | H17: FlexPBX-1782843745.372930 | I17: E | J17: SUPORTE - POWER SYSTEM | K17: PSYSTEM_SUPORTE | M17: DAYANE | N17: PSYSTEM_1005
A18: 46203.638 | B18: PSYSTEM_1002 | C18: 41991740047 | E18: 51 | F18: 32 | G18: ANSWERED | H18: FlexPBX-1782843525.372884 | I18: S | J18: SUPORTE - POWER SYSTEM | M18: LUIZ | N18: PSYSTEM_1002
A19: 46203.636 | B19: 41999865917 | C19: PSYSTEM_1005 | D19: 4430265054 | E19: 250 | F19: 230 | G19: ANSWERED | H19: FlexPBX-1782843344.372834 | I19: E | J19: SUPORTE - POWER SYSTEM | K19: PSYSTEM_SUPORTE | L19: 5 | M19: DAYANE | N19: PSYSTEM_1005
A20: 46203.631 | B20: 1131515685 | C20: 4430265054 | D20: 4430265054 | E20: 17 | F20: 16 | G20: NO ANSWER | H20: FlexPBX-1782842936.372734 | I20: E | J20: GERAL - POWER SYSTEM
A21: 46203.631 | B21: 44998039090 | C21: PSYSTEM_1002 | D21: 4430265054 | E21: 430 | F21: 322 | G21: ANSWERED | H21: FlexPBX-1782842928.372725 | I21: E | J21: SUPORTE - POWER SYSTEM | K21: PSYSTEM_SUPORTE | M21: LUIZ | N21: PSYSTEM_1002
A22: 46203.631 | B22: 62991155122 | C22: PSYSTEM_1004 | D22: 4430265054 | E22: 1194 | F22: 1165 | G22: ANSWERED | H22: FlexPBX-1782842896.372683 | I22: E | J22: SUPORTE - POWER SYSTEM | K22: PSYSTEM_SUPORTE | M22: LUKAS | N22: PSYSTEM_1004
A23: 46203.629 | B23: 44998039090 | C23: 4430265054 | D23: 4430265054 | E23: 144 | F23: 144 | G23: NO ANSWER | H23: FlexPBX-1782842762.372586 | I23: E | J23: GERAL - POWER SYSTEM | K23: PSYSTEM_SUPORTE
A24: 46203.627 | B24: 64984043469 | C24: 4430265054 | D24: 4430265054 | E24: 6 | F24: 5 | G24: NO ANSWER | H24: FlexPBX-1782842584.372575 | I24: E | J24: GERAL - POWER SYSTEM
A25: 46203.624 | B25: 4432226677 | C25: PSYSTEM_1002 | D25: 4430265054 | E25: 527 | F25: 460 | G25: ANSWERED | H25: FlexPBX-1782842342.372507 | I25: E | J25: SUPORTE - POWER SYSTEM | K25: PSYSTEM_SUPORTE | L25: 5 | M25: LUIZ | N25: PSYSTEM_1002
A26: 46203.623 | B26: 91985176746 | C26: PSYSTEM_1013 | D26: 4430265054 | E26: 364 | F26: 265 | G26: ANSWERED | H26: FlexPBX-1782842227.372443 | I26: E | J26: SUPORTE - POWER SYSTEM | K26: PSYSTEM_SUPORTE | M26: LUCAS | N26: PSYSTEM_1013
A27: 46203.616 | B27: PSYSTEM_1010 | C27: 4436351414 | E27: 185 | F27: 174 | G27: ANSWERED | H27: FlexPBX-1782841584.372403 | I27: S | J27: GERAL - POWER SYSTEM | M27: CLEBER | N27: PSYSTEM_1010
A28: 46203.615 | B28: PSYSTEM_1010 | C28: 4436351414 | E28: 7 | F28: 6 | G28: ANSWERED | H28: FlexPBX-1782841575.372389 | I28: S | J28: GERAL - POWER SYSTEM | M28: CLEBER | N28: PSYSTEM_1010
A29: 46203.612 | B29: PSYSTEM_1002 | C29: 4430266744 | E29: 665 | F29: 656 | G29: ANSWERED | H29: FlexPBX-1782841281.372358 | I29: S | J29: SUPORTE - POWER SYSTEM | L29: 5 | M29: LUIZ | N29: PSYSTEM_1002
A30: 46203.612 | B30: PSYSTEM_1002 | C30: 4430266744 | E30: 14 | F30: 13 | G30: ANSWERED | H30: FlexPBX-1782841273.372344 | I30: S | J30: SUPORTE - POWER SYSTEM | M30: LUIZ | N30: PSYSTEM_1002
A31: 46203.611 | B31: 4430315826 | C31: PSYSTEM_1000 | D31: 4430265054 | E31: 682 | F31: 682 | G31: ANSWERED | H31: FlexPBX-1782841225.372337 | I31: E | J31: SUPORTE - POWER SYSTEM | K31: PSYSTEM_SUPORTE | L31: 5 | M31: EDERSON | N31: PSYSTEM_1000
A32: 46203.61 | B32: 62991155122 | C32: PSYSTEM_1013 | D32: 4430265054 | E32: 218 | F32: 156 | G32: ANSWERED | H32: FlexPBX-1782841094.372289 | I32: E | J32: SUPORTE - POWER SYSTEM | K32: PSYSTEM_SUPORTE | M32: LUCAS | N32: PSYSTEM_1013
A33: 46203.609 | B33: 43988030048 | C33: PSYSTEM_1005 | D33: 4430265054 | E33: 1413 | F33: 1347 | G33: ANSWERED | H33: FlexPBX-1782841056.372252 | I33: E | J33: SUPORTE - POWER SYSTEM | K33: PSYSTEM_SUPORTE | M33: DAYANE | N33: PSYSTEM_1005
A34: 46203.608 | B34: 62994086124 | C34: PSYSTEM_1004 | D34: 4430265054 | E34: 1277 | F34: 1094 | G34: ANSWERED | H34: FlexPBX-1782840914.372145 | I34: E | J34: SUPORTE - POWER SYSTEM | K34: PSYSTEM_SUPORTE | L34: 5 | M34: LUKAS | N34: PSYSTEM_1004
A35: 46203.607 | B35: 62994086124 | C35: 4430265054 | D35: 4430265054 | E35: 33 | F35: 32 | G35: NO ANSWER | H35: FlexPBX-1782840832.372108 | I35: E | J35: GERAL - POWER SYSTEM | K35: PSYSTEM_SUPORTE
A36: 46203.599 | B36: 11947305571 | C36: PSYSTEM_1000 | D36: 4430265054 | E36: 489 | F36: 325 | G36: ANSWERED | H36: FlexPBX-1782840177.371957 | I36: E | J36: SUPORTE - POWER SYSTEM | K36: PSYSTEM_SUPORTE | M36: EDERSON | N36: PSYSTEM_1000
A37: 46203.599 | B37: 4430266744 | C37: PSYSTEM_1002 | D37: 4430265054 | E37: 532 | F37: 363 | G37: ANSWERED | H37: FlexPBX-1782840171.371954 | I37: E | J37: SUPORTE - POWER SYSTEM | K37: PSYSTEM_SUPORTE | M37: LUIZ | N37: PSYSTEM_1002
A38: 46203.594 | B38: 11966416756 | C38: PSYSTEM_1013 | D38: 4431268225 | E38: 202 | F38: 161 | G38: ANSWERED | H38: FlexPBX-1782839761.371922 | I38: E | J38: SUPORTE - POWER SYSTEM | K38: PSYSTEM_SUPORTE | M38: LUCAS | N38: PSYSTEM_1013
A39: 46203.586 | B39: 4430317020 | C39: PSYSTEM_1005 | D39: 4430265054 | E39: 1516 | F39: 1435 | G39: ANSWERED | H39: FlexPBX-1782838988.371864 | I39: E | J39: SUPORTE - POWER SYSTEM | K39: PSYSTEM_SUPORTE | M39: DAYANE | N39: PSYSTEM_1005
A40: 46203.584 | B40: 44991668902 | C40: PSYSTEM_1013 | D40: 4430265054 | E40: 218 | F40: 156 | G40: ANSWERED | H40: FlexPBX-1782838818.371824 | I40: E | J40: SUPORTE - POWER SYSTEM | K40: PSYSTEM_SUPORTE | M40: LUCAS | N40: PSYSTEM_1013
A41: 46203.579 | B41: 1131515685 | C41: PSYSTEM_1002 | D41: 4430265054 | E41: 1476 | F41: 1358 | G41: ANSWERED | H41: FlexPBX-1782838462.371716 | I41: E | J41: SUPORTE - POWER SYSTEM | K41: PSYSTEM_SUPORTE | L41: 5 | M41: LUIZ | N41: PSYSTEM_1002
A42: 46203.571 | B42: PSYSTEM_1009 | C42: 62986209420 | E42: 42 | F42: 1 | G42: ANSWERED | H42: FlexPBX-1782837705.371696 | I42: S | J42: COMERCIAL - POWER SYSTEM | M42: ADRIANA | N42: PSYSTEM_1009
A43: 46203.568 | B43: 4433543396 | C43: PSYSTEM_1004 | D43: 4430265054 | E43: 244 | F43: 221 | G43: ANSWERED | H43: FlexPBX-1782837434.371672 | I43: E | J43: SUPORTE - POWER SYSTEM | K43: PSYSTEM_SUPORTE | M43: LUKAS | N43: PSYSTEM_1004
A44: 46203.567 | B44: 11990144272 | C44: PSYSTEM_1002 | D44: 4431268225 | E44: 344 | F44: 291 | G44: ANSWERED | H44: FlexPBX-1782837353.371644 | I44: E | J44: SUPORTE - POWER SYSTEM | K44: PSYSTEM_SUPORTE | M44: LUIZ | N44: PSYSTEM_1002
A45: 46203.566 | B45: 11990144272 | C45: 4431268225 | D45: 4431268225 | E45: 40 | F45: 40 | G45: NO ANSWER | H45: FlexPBX-1782837300.371615 | I45: E | J45: GERAL - POWER SYSTEM | K45: PSYSTEM_SUPORTE
A46: 46203.564 | B46: 11966416756 | C46: PSYSTEM_1005 | D46: 4431268225 | E46: 1139 | F46: 1080 | G46: ANSWERED | H46: FlexPBX-1782837147.371563 | I46: E | J46: SUPORTE - POWER SYSTEM | K46: PSYSTEM_SUPORTE | M46: DAYANE | N46: PSYSTEM_1005
A47: 46203.484 | B47: 44991798896 | C47: 4430265054 | D47: 4430265054 | E47: 112 | F47: 111 | G47: NO ANSWER | H47: FlexPBX-1782830232.371455 | I47: E | J47: GERAL - POWER SYSTEM | K47: PSYSTEM_SUPORTE
A48: 46203.484 | B48: 41999717893 | C48: PSYSTEM_1002 | D48: 4430265054 | E48: 1279 | F48: 1154 | G48: ANSWERED | H48: FlexPBX-1782830197.371440 | I48: E | J48: SUPORTE - POWER SYSTEM | K48: PSYSTEM_SUPORTE | L48: 5 | M48: LUIZ | N48: PSYSTEM_1002
A49: 46203.481 | B49: 62981535978 | C49: PSYSTEM_1005 | D49: 4430265054 | E49: 602 | F49: 566 | G49: ANSWERED | H49: FlexPBX-1782829933.371424 | I49: E | J49: SUPORTE - POWER SYSTEM | K49: PSYSTEM_SUPORTE | L49: 5 | M49: DAYANE | N49: PSYSTEM_1005
A50: 46203.479 | B50: 62981535978 | C50: PSYSTEM_1005 | D50: 4430265054 | E50: 114 | F50: 81 | G50: ANSWERED | H50: FlexPBX-1782829810.371402 | I50: E | J50: SUPORTE - POWER SYSTEM | K50: PSYSTEM_SUPORTE | M50: DAYANE | N50: PSYSTEM_1005
A51: 46203.478 | B51: 44991798896 | C51: PSYSTEM_1004 | D51: 4430265054 | E51: 463 | F51: 441 | G51: ANSWERED | H51: FlexPBX-1782829742.371382 | I51: E | J51: SUPORTE - POWER SYSTEM | K51: PSYSTEM_SUPORTE | M51: LUKAS | N51: PSYSTEM_1004
A52: 46203.477 | B52: PSYSTEM_1005 | C52: 62981535978 | E52: 35 | F52: 19 | G52: ANSWERED | H52: FlexPBX-1782829631.371368 | I52: S | J52: SUPORTE - POWER SYSTEM | M52: DAYANE | N52: PSYSTEM_1005
A53: 46203.469 | B53: 44997401512 | C53: 3000 | D53: 4430265054 | E53: 473 | F53: 450 | G53: ANSWERED | H53: FlexPBX-1782828881.371310 | I53: E | J53: GERAL - POWER SYSTEM | K53: PSYSTEM_SUPORTE
A54: 46203.459 | B54: 44991396687 | C54: PSYSTEM_1013 | D54: 4430265054 | E54: 555 | F54: 499 | G54: ANSWERED | H54: FlexPBX-1782828032.371251 | I54: E | J54: SUPORTE - POWER SYSTEM | K54: PSYSTEM_SUPORTE | M54: LUCAS | N54: PSYSTEM_1013
A55: 46203.458 | B55: 4334234629 | C55: PSYSTEM_1002 | D55: 4430265054 | E55: 288 | F55: 230 | G55: ANSWERED | H55: FlexPBX-1782827984.371194 | I55: E | J55: SUPORTE - POWER SYSTEM | K55: PSYSTEM_SUPORTE | M55: LUIZ | N55: PSYSTEM_1002
A56: 46203.458 | B56: 4430188650 | C56: PSYSTEM_1005 | D56: 4430265054 | E56: 498 | F56: 412 | G56: ANSWERED | H56: FlexPBX-1782827943.371167 | I56: E | J56: SUPORTE - POWER SYSTEM | K56: PSYSTEM_SUPORTE | M56: DAYANE | N56: PSYSTEM_1005
A57: 46203.458 | B57: 4430451163 | C57: PSYSTEM_1004 | D57: 4430265054 | E57: 599 | F57: 529 | G57: ANSWERED | H57: FlexPBX-1782827933.371164 | I57: E | J57: SUPORTE - POWER SYSTEM | K57: PSYSTEM_SUPORTE | M57: LUKAS | N57: PSYSTEM_1004
A58: 46203.454 | B58: 44999654761 | C58: PSYSTEM_1000 | D58: 4430265054 | E58: 1265 | F58: 1203 | G58: ANSWERED | H58: FlexPBX-1782827668.371108 | I58: E | J58: SUPORTE - POWER SYSTEM | K58: PSYSTEM_SUPORTE | M58: EDERSON | N58: PSYSTEM_1000
A59: 46203.45 | B59: 4436351835 | C59: PSYSTEM_1013 | D59: 4430265054 | E59: 413 | F59: 251 | G59: ANSWERED | H59: FlexPBX-1782827243.371002 | I59: E | J59: SUPORTE - POWER SYSTEM | K59: PSYSTEM_SUPORTE | M59: LUCAS | N59: PSYSTEM_1013
A60: 46203.448 | B60: 62994086124 | C60: PSYSTEM_1002 | D60: 4430265054 | E60: 765 | F60: 674 | G60: ANSWERED | H60: FlexPBX-1782827067.370918 | I60: E | J60: SUPORTE - POWER SYSTEM | K60: PSYSTEM_SUPORTE | L60: 5 | M60: LUIZ | N60: PSYSTEM_1002
A61: 46203.445 | B61: 4436351835 | C61: 4430265054 | D61: 4430265054 | E61: 42 | F61: 41 | G61: NO ANSWER | H61: FlexPBX-1782826857.370883 | I61: E | J61: GERAL - POWER SYSTEM | K61: PSYSTEM_SUPORTE
A62: 46203.441 | B62: 44998721566 | C62: PSYSTEM_1013 | D62: 4430265054 | E62: 327 | F62: 227 | G62: ANSWERED | H62: FlexPBX-1782826518.370825 | I62: E | J62: SUPORTE - POWER SYSTEM | K62: PSYSTEM_SUPORTE | M62: LUCAS | N62: PSYSTEM_1013
A63: 46203.441 | B63: 64984043469 | C63: 4430265054 | D63: 4430265054 | E63: 12 | F63: 11 | G63: NO ANSWER | H63: FlexPBX-1782826463.370814 | I63: E | J63: GERAL - POWER SYSTEM
A64: 46203.434 | B64: PSYSTEM_1009 | C64: 44999493534 | E64: 579 | F64: 564 | G64: ANSWERED | H64: FlexPBX-1782825914.370806 | I64: S | J64: COMERCIAL - POWER SYSTEM | M64: ADRIANA | N64: PSYSTEM_1009
A65: 46203.43 | B65: 62981535978 | C65: PSYSTEM_1005 | D65: 4430265054 | E65: 1538 | F65: 1482 | G65: ANSWERED | H65: FlexPBX-1782825527.370772 | I65: E | J65: SUPORTE - POWER SYSTEM | K65: PSYSTEM_SUPORTE | M65: DAYANE | N65: PSYSTEM_1005
A66: 46203.422 | B66: 4430403880 | C66: PSYSTEM_1013 | D66: 4430265054 | E66: 170 | F66: 154 | G66: ANSWERED | H66: FlexPBX-1782824869.370748 | I66: E | J66: SUPORTE - POWER SYSTEM | K66: PSYSTEM_SUPORTE | M66: LUCAS | N66: PSYSTEM_1013
A67: 46203.42 | B67: 18996991511 | C67: PSYSTEM_1002 | D67: 4430265054 | E67: 1154 | F67: 1111 | G67: ANSWERED | H67: FlexPBX-1782824662.370720 | I67: E | J67: SUPORTE - POWER SYSTEM | K67: PSYSTEM_SUPORTE | L67: 5 | M67: LUIZ | N67: PSYSTEM_1002
A68: 46203.413 | B68: 4430450103 | C68: PSYSTEM_1004 | D68: 4430265054 | E68: 425 | F68: 334 | G68: ANSWERED | H68: FlexPBX-1782824108.370662 | I68: E | J68: SUPORTE - POWER SYSTEM | K68: PSYSTEM_SUPORTE | L68: 5 | M68: LUKAS | N68: PSYSTEM_1004
A69: 46203.411 | B69: 4432525112 | C69: PSYSTEM_1005 | D69: 4430265054 | E69: 1087 | F69: 1052 | G69: ANSWERED | H69: FlexPBX-1782823909.370640 | I69: E | J69: SUPORTE - POWER SYSTEM | K69: PSYSTEM_SUPORTE | L69: 5 | M69: DAYANE | N69: PSYSTEM_1005
A70: 46203.405 | B70: PSYSTEM_1005 | C70: 44999347404 | E70: 114 | F70: 61 | G70: ANSWERED | H70: FlexPBX-1782823412.370626 | I70: S | J70: SUPORTE - POWER SYSTEM | M70: DAYANE | N70: PSYSTEM_1005
A71: 46203.405 | B71: PSYSTEM_1005 | C71: 44999347404 | E71: 5 | F71: 0 | G71: UNKNOWN | H71: FlexPBX-1782823404.370618 | I71: S | J71: SUPORTE - POWER SYSTEM | M71: DAYANE | N71: PSYSTEM_1005
A72: 46203.405 | B72: PSYSTEM_1002 | C72: 41991740047 | E72: 624 | F72: 617 | G72: ANSWERED | H72: FlexPBX-1782823356.370610 | I72: S | J72: SUPORTE - POWER SYSTEM | L72: 5 | M72: LUIZ | N72: PSYSTEM_1002
A73: 46203.398 | B73: 44999347404 | C73: PSYSTEM_1005 | D73: 4430265054 | E73: 530 | F73: 493 | G73: ANSWERED | H73: FlexPBX-1782822778.370574 | I73: E | J73: SUPORTE - POWER SYSTEM | K73: PSYSTEM_SUPORTE | M73: DAYANE | N73: PSYSTEM_1005
A74: 46203.396 | B74: 44999493534 | C74: PSYSTEM_1013 | D74: 4430265054 | E74: 235 | F74: 217 | G74: ANSWERED | H74: FlexPBX-1782822596.370562 | I74: E | J74: SUPORTE - POWER SYSTEM | K74: PSYSTEM_SUPORTE | M74: LUCAS | N74: PSYSTEM_1013
A75: 46203.392 | B75: 44991396687 | C75: PSYSTEM_1004 | D75: 4430265054 | E75: 575 | F75: 474 | G75: ANSWERED | H75: FlexPBX-1782822243.370498 | I75: E | J75: SUPORTE - POWER SYSTEM | K75: PSYSTEM_SUPORTE | L75: 5 | M75: LUKAS | N75: PSYSTEM_1004
A76: 46203.384 | B76: 4435226025 | C76: PSYSTEM_1013 | D76: 4430265054 | E76: 411 | F76: 353 | G76: ANSWERED | H76: FlexPBX-1782821601.370448 | I76: E | J76: SUPORTE - POWER SYSTEM | K76: PSYSTEM_SUPORTE | M76: LUCAS | N76: PSYSTEM_1013
A77: 46203.375 | B77: 44997400641 | C77: PSYSTEM_1004 | D77: 4430265054 | E77: 312 | F77: 278 | G77: ANSWERED | H77: FlexPBX-1782820794.370428 | I77: E | J77: SUPORTE - POWER SYSTEM | K77: PSYSTEM_SUPORTE | L77: 5 | M77: LUKAS | N77: PSYSTEM_1004
A78: 46203.373 | B78: 41991740047 | C78: PSYSTEM_1002 | D78: 4430265054 | E78: 2699 | F78: 2652 | G78: ANSWERED | H78: FlexPBX-1782820651.370408 | I78: E | J78: SUPORTE - POWER SYSTEM | K78: PSYSTEM_SUPORTE | M78: LUIZ | N78: PSYSTEM_1002
A79: 46203.372 | B79: 44998620323 | C79: PSYSTEM_1013 | D79: 4430265054 | E79: 700 | F79: 610 | G79: ANSWERED | H79: FlexPBX-1782820528.370331 | I79: E | J79: SUPORTE - POWER SYSTEM | K79: PSYSTEM_SUPORTE | M79: LUCAS | N79: PSYSTEM_1013
A80: 46203.371 | B80: 81988293889 | C80: PSYSTEM_1005 | D80: 4431268225 | E80: 1477 | F80: 1349 | G80: ANSWERED | H80: FlexPBX-1782820441.370256 | I80: E | J80: SUPORTE - POWER SYSTEM | K80: PSYSTEM_SUPORTE | L80: 5 | M80: DAYANE | N80: PSYSTEM_1005
A81: 46203.37 | B81: 81983567163 | C81: 4431268225 | D81: 4431268225 | E81: 10 | F81: 10 | G81: NO ANSWER | H81: FlexPBX-1782820408.370251 | I81: E | J81: GERAL - POWER SYSTEM
A82: 46203.37 | B82: 81983567163 | C82: 4430265054 | D82: 4430265054 | E82: 10 | F82: 9 | G82: NO ANSWER | H82: FlexPBX-1782820383.370246 | I82: E | J82: GERAL - POWER SYSTEM
A83: 46203.37 | B83: 81983567163 | C83: 4430265054 | D83: 4430265054 | E83: 17 | F83: 16 | G83: NO ANSWER | H83: FlexPBX-1782820350.370241 | I83: E | J83: GERAL - POWER SYSTEM
A84: 46203.363 | B84: PSYSTEM_1002 | C84: 44997650834 | E84: 344 | F84: 332 | G84: ANSWERED | H84: FlexPBX-1782819760.370227 | I84: S | J84: SUPORTE - POWER SYSTEM | L84: 5 | M84: LUIZ | N84: PSYSTEM_1002
A85: 46203.354 | B85: 44997650834 | C85: PSYSTEM_1002 | D85: 4430265054 | E85: 605 | F85: 541 | G85: ANSWERED | H85: FlexPBX-1782819003.370169 | I85: E | J85: SUPORTE - POWER SYSTEM | K85: PSYSTEM_SUPORTE | M85: LUIZ | N85: PSYSTEM_1002
A86: 46203.344 | B86: 41991740047 | C86: 4430265054 | D86: 4430265054 | E86: 12 | F86: 12 | G86: NO ANSWER | H86: FlexPBX-1782818161.370164 | I86: E | J86: GERAL - POWER SYSTEM
A87: 46202.745 | B87: 11973545510 | C87: PSYSTEM_1004 | D87: 4430265054 | E87: 274 | F87: 243 | G87: ANSWERED | H87: FlexPBX-1782766400.370140 | I87: E | J87: SUPORTE - POWER SYSTEM | K87: PSYSTEM_SUPORTE | M87: LUKAS | N87: PSYSTEM_1004
A88: 46202.743 | B88: 4435228300 | C88: PSYSTEM_1013 | D88: 4430265054 | E88: 660 | F88: 482 | G88: ANSWERED | H88: FlexPBX-1782766204.370028 | I88: E | J88: SUPORTE - POWER SYSTEM | K88: PSYSTEM_SUPORTE | M88: LUCAS | N88: PSYSTEM_1013
A89: 46202.734 | B89: PSYSTEM_1005 | C89: 44999114340 | E89: 34 | F89: 29 | G89: ANSWERED | H89: FlexPBX-1782765401.370014 | I89: S | J89: SUPORTE - POWER SYSTEM | M89: DAYANE | N89: PSYSTEM_1005
A90: 46202.734 | B90: PSYSTEM_1005 | C90: 4435231494 | E90: 3 | F90: 0 | G90: UNKNOWN | H90: FlexPBX-1782765394.370006 | I90: S | J90: SUPORTE - POWER SYSTEM | M90: DAYANE | N90: PSYSTEM_1005
A91: 46202.714 | B91: 4430346845 | C91: PSYSTEM_1005 | D91: 4430265054 | E91: 1569 | F91: 1534 | G91: ANSWERED | H91: FlexPBX-1782763727.369980 | I91: E | J91: SUPORTE - POWER SYSTEM | K91: PSYSTEM_SUPORTE | M91: DAYANE | N91: PSYSTEM_1005
A92: 46202.685 | B92: PSYSTEM_1000 | C92: 4434221055 | E92: 53 | F92: 42 | G92: ANSWERED | H92: FlexPBX-1782761215.369966 | I92: S | J92: SUPORTE - POWER SYSTEM | M92: EDERSON | N92: PSYSTEM_1000
A93: 46202.685 | B93: PSYSTEM_1000 | C93: 4434221055 | E93: 23 | F93: 2 | G93: ANSWERED | H93: FlexPBX-1782761188.369952 | I93: S | J93: SUPORTE - POWER SYSTEM | M93: EDERSON | N93: PSYSTEM_1000
A94: 46202.622 | B94: 18996991511 | C94: 4430265054 | D94: 4430265054 | E94: 282 | F94: 281 | G94: NO ANSWER | H94: FlexPBX-1782755757.369723 | I94: E | J94: GERAL - POWER SYSTEM | K94: PSYSTEM_SUPORTE
A95: 46202.522 | B95: 44998620323 | C95: 4430265054 | D95: 4430265054 | E95: 29 | F95: 29 | G95: NO ANSWER | H95: FlexPBX-1782747138.369718 | I95: E | J95: GERAL - POWER SYSTEM
A96: 46202.504 | B96: 4432325260 | C96: 4430265054 | D96: 4430265054 | E96: 13 | F96: 12 | G96: NO ANSWER | H96: FlexPBX-1782745585.369713 | I96: E | J96: GERAL - POWER SYSTEM
A97: 46202.496 | B97: PSYSTEM_1005 | C97: 44999637463 | E97: 2 | F97: 0 | G97: UNKNOWN | H97: FlexPBX-1782744845.369699 | I97: S | J97: SUPORTE - POWER SYSTEM | M97: DAYANE | N97: PSYSTEM_1005
A98: 46202.491 | B98: PSYSTEM_1005 | C98: 44999637463 | E98: 85 | F98: 79 | G98: ANSWERED | H98: FlexPBX-1782744398.369685 | I98: S | J98: SUPORTE - POWER SYSTEM | M98: DAYANE | N98: PSYSTEM_1005
A99: 46202.489 | B99: PSYSTEM_1005 | C99: 44999637463 | E99: 3 | F99: 0 | G99: UNKNOWN | H99: FlexPBX-1782744255.369677 | I99: S | J99: SUPORTE - POWER SYSTEM | M99: DAYANE | N99: PSYSTEM_1005
A100: 46202.488 | B100: 4430346845 | C100: PSYSTEM_1002 | D100: 4430265054 | E100: 680 | F100: 623 | G100: ANSWERED | H100: FlexPBX-1782744192.369641 | I100: E | J100: SUPORTE - POWER SYSTEM | K100: PSYSTEM_SUPORTE | L100: 5 | M100: LUIZ | N100: PSYSTEM_1002
...

Sheet Notas Jun
A1: 1005 - Dayane | B1: 1002 - Luiz | C1: 1004 - Lukas | D1: 1013 - Lucas | E1: 1001 - Gabriel
A2: 5 | B2: 5 | C2: 5 | D2: 5
A3: 5 | B3: 5 | C3: 5 | D3: 5
A4: 5 | B4: 5 | C4: 5 | D4: 5
A5: 5 | B5: 5 | C5: 5 | D5: 5
A6: 5 | B6: 5 | C6: 5 | D6: 5
A7: 5 | B7: 5 | C7: 5 | D7: 5
A8: 5 | B8: 5 | C8: 5 | D8: 5
A9: 5 | B9: 5 | C9: 5 | D9: 5
A10: 5 | B10: 5 | C10: 5 | D10: 5
A11: 5 | B11: 5 | C11: 5 | D11: 5
A12: 5 | B12: 5 | C12: 5 | D12: 5
A13: 5 | B13: 5 | C13: 5 | D13: 5
... A59: 5 | B59: 5 | C59: 4.5 | D59: 5
A60: 5 | B60: 5 | D60: 5
A61: 5 | B61: 5 | D61: 5
A62: 5 | B62: 5 | D62: 5
A63: 4 | B63: 5 | D63: 5
A64: 3 | B64: 4 | D64: 5
A65: 5 | B65: 5 | D65: 5
A66: 5 | B66: 4 | D66: 5
A67: 5 | B67: 5 | D67: 5
A68: 5 | B68: 4 | D68: 5
A69: 5 | B69: 5 | D69: 5
A70: 5 | B70: 4 | D70: 5
A71: 5 | B71: 5 | D71: 5
... A106: 5 | B106: 5 | D106: 4
A107: 5 | B107: 5
A108: 5 | B108: 5
A109: 5 | B109: 5
A110: 5 | B110: 5
A111: 5 | B111: 5
A112: 5 | B112: 5
A113: 5 | B113: 5
A114: 4.5 | B114: 5
A115: 4.5 | B115: 5
B116: 5
B117: 5
B118: 5
B119: 5
B120: 5
B121: 5
B122: 5
B123: 5
B124: 5
B125: 5
B126: 5
B127: 5
... B155: 4

Sheet Nps Jun
A1: ATENDENTE | B1: QTD ATENDIMENTOS | C1: QTD AVALIADOS | D1: PERCENTUAL AVALIAÇÃO | E1: MÉDIA NOTAS | F1: DESCONTOS AVALIAÇÕES | G1: MÉDIA NOTAS FINAL | I1: PONTUAÇÃO CAIXINHA
A2: 1005 - Dayane | B2: =D15+E15+F15 -> 410 | C2: =B15+C15 -> 116 | D2: =C2/B2 -> 0.28292683 | E2: =AVERAGE('Notas Jun'!$A$2:$A$200) -> 4.9210526 | G2: =E2-F2 -> 4.9210526 | I2: =G2*C2 -> 570.84211
A3: 1002 - Luiz | B3: =D16+E16+F16 -> 429 | C3: =B16+C16 -> 153 | D3: =C3/B3 -> 0.35664336 | E3: =AVERAGE('Notas Jun'!$B$2:$B$200) -> 4.9253247 | G3: =E3-F3 -> 4.9253247 | I3: =G3*C3 -> 753.57468
A4: 1004 - Lukas | B4: =D17+E17+F17 -> 271 | C4: =B17+C17 -> 59 | D4: =C4/B4 -> 0.21771218 | E4: =AVERAGE('Notas Jun'!$C$2:$C$200) -> 4.9913793 | G4: =E4-F4 -> 4.9913793 | I4: =G4*C4 -> 294.49138
A5: 1013 - Lucas | B5: =D18+E18+F18 -> 467 | C5: =B18+C18 -> 113 | D5: =C5/B5 -> 0.24197002 | E5: =AVERAGE('Notas Jun'!$D$2:$D$200) -> 4.9428571 | G5: =E5-F5 -> 4.9428571 | I5: =G5*C5 -> 558.54286
A9: TOTAL | B9: =SUM(B2:B7) -> 1577 | C9: =SUM(C2:C7) -> 441 | D9: =C9/B9 -> 0.2796449 | E9: =AVERAGE(E2:E7) -> 4.9451534 | G9: =E9-F9 -> 4.9451534
A14: ATENDENTE | B14: QSA | C14: QEA | D14: TS FONE | E14: TE FONE | F14: TE WHATS | G14: WHATS AVALIADOS
A15: 1005 - Dayane | B15: =COUNTIFS(Jun!$B$2:$B$3000,"PSYSTEM_1005",Jun!$E$2:$E$3000,">100",Jun!$L$2:$L$3000,">0") -> 9 | C15: =COUNTIFS(Jun!$C$2:$C$4000,"PSYSTEM_1005",Jun!$E$2:$E$4000,">100",Jun!$L$2:$L$4000,">0")+G15 -> 107 | D15: =COUNTIFS(Jun!$B$2:$B$4000,"PSYSTEM_1005",Jun!$E$2:$E$4000,">100") -> 54 | E15: =COUNTIFS(Jun!$C$2:$C$4000,"PSYSTEM_1005",Jun!$E$2:$E$4000,">100") -> 254 | F15: 102 | G15: 23
A16: 1002 - Luiz | B16: =COUNTIFS(Jun!$B$2:$B$3000,"PSYSTEM_1002",Jun!$E$2:$E$3000,">100",Jun!$L$2:$L$3000,">0") -> 21 | C16: =COUNTIFS(Jun!$C$2:$C$4000,"PSYSTEM_1002",Jun!$E$2:$E$4000,">100",Jun!$L$2:$L$4000,">0")+G16 -> 132 | D16: =COUNTIFS(Jun!$B$2:$B$4000,"PSYSTEM_1002",Jun!$E$2:$E$4000,">100") -> 45 | E16: =COUNTIFS(Jun!$C$2:$C$4000,"PSYSTEM_1002",Jun!$E$2:$E$4000,">100") -> 269 | F16: 115 | G16: 15
A17: 1004 - Lukas | B17: =COUNTIFS(Jun!$B$2:$B$3000,"PSYSTEM_1004",Jun!$E$2:$E$3000,">100",Jun!$L$2:$L$3000,">0") -> 1 | C17: =COUNTIFS(Jun!$C$2:$C$4000,"PSYSTEM_1004",Jun!$E$2:$E$4000,">100",Jun!$L$2:$L$4000,">0")+G17 -> 58 | D17: =COUNTIFS(Jun!$B$2:$B$4000,"PSYSTEM_1004",Jun!$E$2:$E$4000,">100") -> 14 | E17: =COUNTIFS(Jun!$C$2:$C$4000,"PSYSTEM_1004",Jun!$E$2:$E$4000,">100") -> 164 | F17: 93 | G17: 16
A18: 1013 - Lucas | B18: =COUNTIFS(Jun!$B$2:$B$3000,"PSYSTEM_1013",Jun!$E$2:$E$3000,">100",Jun!$L$2:$L$3000,">0") -> 4 | C18: =COUNTIFS(Jun!$C$2:$C$4000,"PSYSTEM_1013",Jun!$E$2:$E$4000,">100",Jun!$L$2:$L$4000,">0")+G18 -> 109 | D18: =COUNTIFS(Jun!$B$2:$B$4000,"PSYSTEM_1013",Jun!$E$2:$E$4000,">100") -> 16 | E18: =COUNTIFS(Jun!$C$2:$C$4000,"PSYSTEM_1013",Jun!$E$2:$E$4000,">100") -> 243 | F18: 208 | G18: 36
A21: QSA = QUANTIDADE DE SAIDAS AVALIADA
A22: QEA = QUANTIDADE DE ENTRADAS AVALIADAS
A23: TS - TOTAL DE SAIDAS
A24: TE - TOTAL DE ENTRADAS

Sheet Notas Trim
A1: 1005 - Dayane | B1: 1002 - Luiz | C1: 1004 - Lukas | D1: 1013 - Lucas | E1: 1001 - Gabriel
A2: 5 | B2: 5 | C2: 5 | D2: 5
A3: 5 | B3: 5 | C3: 5 | D3: 5
A4: 5 | B4: 5 | C4: 5 | D4: 5
A5: 5 | B5: 5 | C5: 5 | D5: 5
A6: 5 | B6: 5 | C6: 5 | D6: 5
A7: 5 | B7: 5 | C7: 5 | D7: 5
A8: 5 | B8: 5 | C8: 5 | D8: 5
A9: 5 | B9: 5 | C9: 5 | D9: 5
A10: 5 | B10: 5 | C10: 5 | D10: 5
A11: 5 | B11: 5 | C11: 4 | D11: 5
A12: 5 | B12: 5 | C12: 5 | D12: 5
A13: 5 | B13: 5 | C13: 5 | D13: 5
... A265: 5 | B265: 5 | C265: 5 | D265: 4
A266: 5 | B266: 5 | C266: 5
A267: 5 | B267: 4 | C267: 5
A268: 5 | B268: 5 | C268: 5
A269: 5 | B269: 5 | C269: 5
A270: 5 | B270: 5 | C270: 4.5
A271: 5 | B271: 5
A272: 4 | B272: 5
A273: 4 | B273: 5
A274: 5 | B274: 5
A275: 5 | B275: 5
A276: 5 | B276: 5
A277: 5 | B277: 5
A278: 5 | B278: 5
A279: 5 | B279: 5
A280: 5 | B280: 5
A281: 5 | B281: 5
A282: 5 | B282: 5
... A327: 5 | B327: 4
A328: 5
A329: 5
A330: 5
A331: 5
A332: 5
A333: 5
A334: 5
A335: 5
A336: 4
A337: 5
A338: 5
A339: 5
... A359: 4.5

Sheet NPS Trim
A1: ATENDENTE | B1: QTD ATENDIMENTOS | C1: QTD AVALIADOS | D1: PERCENTUAL AVALIAÇÃO | E1: MÉDIA NOTAS | F1: DESCONTOS AVALIAÇÕES | G1: MÉDIA NOTAS FINAL | J1: BONIFICAÇÃO
A2: 1005 - Dayane | B2: =D15+E15+F15 -> 1168 | C2: =B15+C15 -> 360 | D2: =C2/B2 -> 0.30821918 | E2: =AVERAGE('Notas Trim'!A2:A900) -> 4.9497207 | G2: =E2-F2 -> 4.9497207 | J2: =IF((((E15+B15+F15)*G2)/10)>500,500,((E15+B15+F15)*G2/10)) -> 500
A3: 1002 - Luiz | B3: =D16+E16+F16 -> 1009 | C3: =B16+C16 -> 325 | D3: =C3/B3 -> 0.32210109 | E3: =AVERAGE('Notas Trim'!B2:B900) -> 4.9493865 | G3: =E3-F3 -> 4.9493865 | J3: =IF((((E16+B16+F16)*G3)/10)>500,500,((E16+B16+F16)*G3/10)) -> 451.38405
A4: 1004 - Lukas | B4: =D17+E17+F17 -> 1048 | C4: =B17+C17 -> 270 | D4: =C4/B4 -> 0.25763359 | E4: =AVERAGE('Notas Trim'!C2:C900) -> 4.9758364 | G4: =E4-F4 -> 4.9758364 | J4: =IF((((E17+B17+F17)*G4)/10)>500,500,((E17+B17+F17)*G4/10)) -> 482.65613
A5: 1013 - Lucas | B5: =D18+E18+F18 -> 1150 | C5: =B18+C18 -> 272 | D5: =C5/B5 -> 0.23652174 | E5: =AVERAGE('Notas Trim'!D2:D900) -> 4.9583333 | G5: =E5-F5 -> 4.9583333 | J5: =IF((((E18+B18+F18)*G5)/10)>500,500,((E18+B18+F18)*G5/10)) -> 500
J6: =IF((((E19+B19+F19)*G6)/10)>500,500,((E19+B19+F19)*G6/10)) -> 0
A9: TOTAL | B9: =SUM(B2:B7) -> 4375 | C9: =SUM(C2:C7) -> 1227 | D9: =C9/B9 -> 0.28045714 | E9: =AVERAGE(E2:E7) -> 4.9583192 | G9: =E9-F9 -> 4.9583192 | J9: =SUM(J2:J7) -> 1934.0402
A14: ATENDENTE | B14: QSA | C14: QEA | D14: TS FONE | E14: TE FONE | F14: TE WHATS | G14: WHATS AVALIADOS
A15: 1005 - Dayane | B15: ='Nps Abr'!B15+'Nps Mai'!B15+'Nps Jun'!B15 -> 38 | C15: ='Nps Abr'!C15+'Nps Mai'!C15+'Nps Jun'!C15 -> 322 | D15: ='Nps Abr'!D15+'Nps Mai'!D15+'Nps Jun'!D15 -> 178 | E15: ='Nps Abr'!E15+'Nps Mai'!E15+'Nps Jun'!E15 -> 759 | F15: ='Nps Abr'!F15+'Nps Mai'!F15+'Nps Jun'!F15 -> 231 | G15: ='Nps Abr'!G15+'Nps Mai'!G15+'Nps Jun'!G15 -> 40
A16: 1002 - Luiz | B16: ='Nps Abr'!B16+'Nps Mai'!B16+'Nps Jun'!B16 -> 36 | C16: ='Nps Abr'!C16+'Nps Mai'!C16+'Nps Jun'!C16 -> 289 | D16: ='Nps Abr'!D16+'Nps Mai'!D16+'Nps Jun'!D16 -> 133 | E16: ='Nps Abr'!E16+'Nps Mai'!E16+'Nps Jun'!E16 -> 612 | F16: ='Nps Abr'!F16+'Nps Mai'!F16+'Nps Jun'!F16 -> 264 | G16: ='Nps Abr'!G16+'Nps Mai'!G16+'Nps Jun'!G16 -> 33
A17: 1004 - Lukas | B17: ='Nps Abr'!B17+'Nps Mai'!B17+'Nps Jun'!B17 -> 22 | C17: ='Nps Abr'!C17+'Nps Mai'!C17+'Nps Jun'!C17 -> 248 | D17: ='Nps Abr'!D17+'Nps Mai'!D17+'Nps Jun'!D17 -> 100 | E17: ='Nps Abr'!E17+'Nps Mai'!E17+'Nps Jun'!E17 -> 662 | F17: ='Nps Abr'!F17+'Nps Mai'!F17+'Nps Jun'!F17 -> 286 | G17: ='Nps Abr'!G17+'Nps Mai'!G17+'Nps Jun'!G17 -> 66
A18: 1013 - Lucas | B18: ='Nps Abr'!B18+'Nps Mai'!B18+'Nps Jun'!B18 -> 11 | C18: ='Nps Abr'!C18+'Nps Mai'!C18+'Nps Jun'!C18 -> 261 | D18: ='Nps Abr'!D18+'Nps Mai'!D18+'Nps Jun'!D18 -> 60 | E18: ='Nps Abr'!E18+'Nps Mai'!E18+'Nps Jun'!E18 -> 648 | F18: ='Nps Abr'!F18+'Nps Mai'!F18+'Nps Jun'!F18 -> 442 | G18: ='Nps Abr'!G18+'Nps Mai'!G18+'Nps Jun'!G18 -> 75
A21: QSA = QUANTIDADE DE SAIDAS AVALIADA
A22: QEA = QUANTIDADE DE ENTRADAS AVALIADAS
A23: TS - TOTAL DE SAIDAS
A24: TE - TOTAL DE ENTRADAS
